component,rho_pol,mars_rms,neort_rms,relative_residual
J1,0.00350259185,1198.6343733829183,1198.6126230497189,0.0003472539837548215
J1,0.01050778535,145.75860831825,145.75256585104805,0.0003399871755168258
J1,0.0175129985,0.14468352859102834,0.1446774563698449,0.00012059215823678274
J1,0.0245182535,0.044362154749797024,0.04436058786751407,0.0001125148732606993
J1,0.0315236295,0.037132220638286605,0.037131141961558686,0.00010162145048394163
J1,0.038529232,0.03742845650592168,0.037427520202855426,9.596654770946239e-05
J1,0.0455351375,0.0396963006987643,0.0396954149406408,9.254807400011538e-05
J1,0.052541405,0.0427513645437143,0.042750497465189725,9.126494300571907e-05
J1,0.0595481075,0.04617356523169914,0.04617266436178407,8.682551838293441e-05
J1,0.0665553585,0.04975993065940468,0.04975904453604868,8.532315856243047e-05
J1,0.0735632275,0.053415235333858384,0.05341431656817362,8.326841988424435e-05
J1,0.080571743,0.057065823858867555,0.057064982785138205,8.290366217707134e-05
J1,0.0875809675,0.06067355850352624,0.06067261473225254,8.08140207069562e-05
J1,0.094591013,0.06419405169525413,0.0641932347619201,7.905502350558122e-05
J1,0.1016019605,0.06762221031004392,0.06762141162660484,7.785810198312988e-05
J1,0.108613825,0.07091581251845179,0.07091500427601266,7.461280114286431e-05
J1,0.115626645,0.07406412249775424,0.07406335531184474,7.327345400467209e-05
J1,0.1226405,0.07705767156820487,0.07705699917646114,7.242816742578356e-05
J1,0.129655505,0.07987959523621531,0.07987898149829505,6.941312768798618e-05
J1,0.136671685,0.08252504295048688,0.08252429289842271,6.781891449183232e-05
J1,0.143689035,0.08498361861071399,0.08498332737595854,6.783831722550187e-05
J1,0.150707605,0.0872571750047731,0.08725655590647273,6.524525879196602e-05
J1,0.15772754,0.0893229276381303,0.08932284786331349,6.358443593449044e-05
J1,0.16474888999999998,0.09120153915761466,0.09120119564963534,5.9912150738039826e-05
J1,0.1717716,0.092866248191647,0.09286616270456181,5.7919693206379606e-05
J1,0.17879571500000002,0.09438959983193204,0.09439006069507379,5.9445172386998255e-05
J1,0.18582135,0.09566257573225616,0.09566238613923221,5.407826437537938e-05
J1,0.19284859,0.09674953472270041,0.0967501282231549,5.316413622231218e-05
J1,0.19987739999999998,0.09763131100747827,0.09763197468374915,5.203902626142008e-05
J1,0.20690777500000002,0.09834038866670845,0.09834087368158605,4.809154388601881e-05
J1,0.21393978,0.09884950917639036,0.09885039881705791,4.9229136992541327e-05
J1,0.220973535,0.0992135293021407,0.09921425194784385,4.651368467648083e-05
J1,0.22800903,0.09942252650774326,0.09942419707947747,5.564054115205269e-05
J1,0.23504619,0.09945196208162617,0.09945291454499086,4.8498603305431534e-05
J1,0.24208503,0.09938723800178473,0.09938856798235576,5.3139056819522775e-05
J1,0.24912568499999999,0.09916405049207566,0.09916606778474472,6.214521948041408e-05
J1,0.25616816,0.0988950255299609,0.09889672882705972,6.321745261131147e-05
J1,0.263212315,0.09850261684185625,0.09850442728426341,7.0352228115449e-05
J1,0.27025813499999995,0.0984476903774543,0.0984482181534726,6.92063883536517e-05
J1,0.27730568499999997,0.09800519202490157,0.09800782074375146,9.184125555553626e-05
J1,0.284354965,0.09765916651750212,0.09766092526004191,9.523773107876358e-05
J1,0.29140584999999997,0.09726720229970523,0.09726697476354451,9.310844669333055e-05
J1,0.29845824499999996,0.09705237996264081,0.09705393882874852,0.00011284588914634009
J1,0.30551213,0.0968525573444297,0.0968542381655242,0.00012691120460422997
J1,0.31256749,0.09690929361894782,0.09690975674690457,0.0001314258567394503
J1,0.319624175,0.09716440210946933,0.09716338910602883,0.00013906008576375977
J1,0.326682025,0.09754244291762298,0.09754424727576551,0.00016326653605377414
J1,0.333740935,0.09830601834345881,0.09830396319769122,0.0001635013850253215
J1,0.34080081500000003,0.09925053157389765,0.09924971748044141,0.00017367361749733726
J1,0.347861485,0.10065095755146079,0.10064763696748129,0.00018177827208228518
J1,0.354922715,0.10227818470989684,0.10227697028994655,0.00019996152158292376
J1,0.361984325,0.10491710793794594,0.10491151903939382,0.00019334992608500273
J1,0.36904609499999996,0.10729228554024002,0.10729011668113397,0.00021342860403082033
J1,0.37610776,0.11015305757450164,0.1101473930259972,0.00020913293287212384
J1,0.38316905,0.11329570884200947,0.11328756164012618,0.00020869075911007846
J1,0.390229695,0.11689187006443871,0.11688449400843885,0.00021625150775247853
J1,0.397289305,0.12075965653699859,0.12075516544132962,0.00023601285405377515
J1,0.40434748,0.12502978882280416,0.12501957762181098,0.00020930323177026578
J1,0.4114039,0.12960835439668475,0.12960081083807118,0.00022614877474619698
J1,0.41845820499999997,0.13437248374761468,0.1343651168045538,0.00022302513631584122
J1,0.42550984000000003,0.1394488733191118,0.1394366658714596,0.00021113206154200437
J1,0.432558175,0.14465395089741684,0.14464679868159544,0.000217682077793343
J1,0.439602785,0.15006998152342008,0.15005797102056948,0.0002032575082310449
J1,0.44664324499999997,0.15553630910639685,0.15552775587754938,0.00020431498240862036
J1,0.453678885,0.16121256557760696,0.161203802627424,0.0002014362037354738
J1,0.460708695,0.16671601380148796,0.16670771879156626,0.00019405957429363699
J1,0.467732025,0.1721660686509223,0.17215665990208734,0.00018090731591692446
J1,0.47474848000000003,0.17747720849420162,0.17746599011315148,0.00017114469726898802
J1,0.48175731499999996,0.18258710625660535,0.18258148141463793,0.00017349682730309794
J1,0.488757055,0.18740682392724262,0.18739865861743263,0.00015935792786800107
J1,0.49574662999999997,0.19185188104560333,0.19184731146987333,0.00014953961455159138
J1,0.50272566,0.19582770210696931,0.1958252061100745,0.00014751876693417588
J1,0.50969323,0.19923119454806384,0.19922504489481468,0.00012819406652405006
J1,0.51664786,0.2019588128868537,0.20195966163944662,0.000133586336072305
J1,0.5235876500000001,0.20389646296294425,0.20389584774635947,0.0001138855644609756
J1,0.53051163,0.20492866514436028,0.2049287362901942,0.00010824451182006334
J1,0.53741909,0.20493416526878497,0.20493806897109737,0.00010878228804215099
J1,0.544308595,0.2037939283384717,0.20379727450449045,0.00011250812575224166
J1,0.551177475,0.20142678128716893,0.2014326903631992,0.00012108736801267781
J1,0.5580233,0.19786129497584604,0.1978681412771279,0.00013891252292094736
J1,0.564844985,0.19339546600977967,0.19340172588187934,0.00018027101539102244
J1,0.5716407450000001,0.1886820192220074,0.18868874254762785,0.00020559761278347356
J1,0.5784079049999999,0.18443590526200077,0.18444147601018576,0.00023140083523021581
J1,0.5851415600000001,0.18072808978598992,0.18073243047577264,0.00029440684154346283
J1,0.591835675,0.17670268002799952,0.17670411046518025,0.00033933793614877606
J1,0.59848414,0.17289837683261222,0.17289639439304433,0.00043203635728835744
J1,0.605075265,0.17208726635147284,0.17208265074663825,0.0004813510791535409
J1,0.61158283,0.17341133830148492,0.17340170313006842,0.0004978611766777054
J1,0.61792402,0.17132650616614734,0.17130893760589724,0.0006160616386663215
J1,0.6237383999999999,0.16830958029341314,0.16828245956111873,0.0008166967590412749
J1,0.627960145,0.1674656033159135,0.16741928234587106,0.0007136178860389966
J1,0.63008341,0.1667102894011726,0.16668123252898925,0.000587406611134747
J1,0.6311305700000001,0.1659045460623241,0.16586918069417292,0.0004287746125922111
J1,0.6325457,0.16394859903848,0.16392361181141635,0.00030754503490653854
J1,0.6357390700000001,0.15877268012878665,0.1587745172699119,6.822145692987787e-05
J1,0.64088652,0.15094493192190508,0.15095500113929408,0.0001273841054427342
J1,0.646887895,0.1477544332283037,0.147752972609573,8.335086066746332e-05
J1,0.6530760099999999,0.13792324453394478,0.13792933052138728,6.96542933237012e-05
J1,0.659300695,0.1317130164736854,0.13171827007068174,7.084471922910828e-05
J1,0.66551307,0.12570192025914353,0.12570312077376994,6.004572927216768e-05
J1,0.6716936149999999,0.1164712647718644,0.11647750969618667,8.249467326034225e-05
J1,0.677834295,0.11109285654295435,0.11109456860116514,6.083426341010325e-05
J1,0.68393057,0.10301038817991728,0.10301440196423982,7.03434626880478e-05
J1,0.689979275,0.09694058795126542,0.09694369207592106,6.77147158205125e-05
J1,0.69597816,0.09075005688795089,0.09075349729575748,7.60129543654945e-05
J1,0.70192553,0.08518693439917177,0.08519013003069477,7.838298101386161e-05
J1,0.707820055,0.08013631968239486,0.08013840973434533,8.05916432175198e-05
J1,0.7136606750000001,0.07556522554714758,0.0755672894382966,8.926955990429887e-05
J1,0.719446515,0.07183273547526109,0.07183595307521105,9.769556227404534e-05
J1,0.7251768350000001,0.06898294953674602,0.06898432923292253,0.00010429653692208666
J1,0.730851005,0.06706192403386269,0.0670637940004151,0.00010908653624183974
J1,0.736468465,0.06575512375187,0.0657573905463684,0.00011735616148579363
J1,0.742028665,0.06518294707698767,0.0651829882921762,0.00012871197950248966
J1,0.747530995,0.06511829128767942,0.06511902393836663,0.0001289264589286769
J1,0.752974685,0.06567950369716377,0.06568061042899369,0.00013233851637816797
J1,0.7583586,0.06654247589747234,0.06654083248038274,0.00014811078518027474
J1,0.763680885,0.06782608525001618,0.0678271685619312,0.0001395607199182456
J1,0.768938235,0.06961494900463298,0.06961281505531193,0.0001546494837508845
J1,0.7741242749999999,0.07152568863839688,0.07152387164595815,0.00015297634935856102
J1,0.779225435,0.07403753478813345,0.07403712671452947,0.00014980416991079338
J1,0.7842083449999999,0.07687324441282588,0.07687171140822305,0.0001549042324290822
J1,0.7889676999999999,0.08006365103082998,0.08006162016823062,0.0001536403136117791
J1,0.79311904,0.0831901375775054,0.08318633550433006,0.0001538710937211064
J1,0.795859095,0.08569637584564095,0.08569627958822398,0.0001464434272505524
J1,0.7971459649999999,0.08733442948278877,0.08733709591263739,0.0001361709143998507
J1,0.797824295,0.08845222170308152,0.08844458168238113,0.00016964545238220172
J1,0.798461815,0.08936627025740461,0.08937061249730262,0.00015031218505328725
J1,0.799685625,0.09092297967326901,0.09091820550518645,0.00014996296913017405
J1,0.80230835,0.09357712400237542,0.09357720287982503,0.00014229720639997895
J1,0.8062409349999999,0.09737468727048434,0.09737002778750123,0.0001517851398303512
J1,0.810722445,0.10164624617778145,0.10164438560914056,0.00014657156260365061
J1,0.815354,0.1066902750299058,0.10668898678476478,0.00014793178834747732
J1,0.82001179,0.1116305925777419,0.11162724331252356,0.00014744661715408098
J1,0.824654105,0.11515230041412759,0.11515214077637359,0.00014870851855707366
J1,0.8292582049999999,0.12194761772132684,0.12194192766276517,0.0001521696091888752
J1,0.833813295,0.12485967592595246,0.12485824327227948,0.0001484181372040173
J1,0.83831608,0.12814744964118177,0.1281421704439966,0.0001522615292480087
J1,0.84275737,0.14242250745464002,0.14242280509721342,0.00015177783292477697
J1,0.847121425,0.14018015460900732,0.14017369539247976,0.00015552470065339572
J1,0.8513657299999999,0.14769648586416378,0.14769806994781134,0.00015402013709153625
J1,0.855338275,0.19317596693166528,0.19316665686405018,0.00014158607356347632
J1,0.8586293199999999,0.19945686650707284,0.19945204709238518,0.00012525748795618732
J1,0.8605982649999999,0.1795284755353349,0.1795324017311504,0.00014751461203054396
J1,0.8614409949999999,0.17038838362777967,0.1703941102719117,0.00013643080927620081
J1,0.861927605,0.16587177965575384,0.16587008321004687,0.0001352284634248138
J1,0.8624125600000001,0.16248195492447529,0.16248240634631148,0.00011208754705149194
J1,0.86318295,0.1591210518159239,0.15911058865888716,0.00012077466670254488
J1,0.864869625,0.16122834917602175,0.1612399197676134,0.00010438180538870966
J1,0.8677971099999999,0.15899124536075376,0.1589905569381943,7.415328706486131e-05
J1,0.8714656350000001,0.16059414538346564,0.160598185653223,7.616475754575076e-05
J1,0.8753837250000001,0.16366830725714496,0.1636705551590765,7.265105851680176e-05
J1,0.879349655,0.13601391166579893,0.13601557675321566,8.938904618256954e-05
J1,0.8832861949999999,0.07686853759759417,0.0768661961694561,0.00015479290913511304
J1,0.8871606400000001,0.06220332947778369,0.062201776843193536,0.0001910224609156496
J1,0.8909240350000001,0.06270549447226113,0.06270351832568961,0.00019115775017044818
J1,0.89438677,0.06130307847380809,0.061302443030047,0.00019865917882097808
J1,0.8970832449999999,0.059775260438323055,0.059772811369445615,0.0001945884121221269
J1,0.8986029799999999,0.0592013867027912,0.05919672849332167,0.00019570438916435498
J1,0.89927096,0.05893291739786797,0.058937643853662805,0.0002478415323046402
J1,0.89968006,0.05877927287938333,0.05878169997917544,0.0001932442262825027
J1,0.900058135,0.05871043436024478,0.058695434348401646,0.00031250016270363296
J1,0.900581945,0.058700869241385005,0.058704662828010824,0.00021424383667255765
J1,0.90163956,0.058555082925821046,0.058554192335443615,0.0002070274995067416
J1,0.90377482,0.05883517533943023,0.05883177068939526,0.00021234504196257901
J1,0.9068220499999999,0.06299693478256546,0.06299630716974969,0.00022016047414972847
J1,0.91018814,0.0628761616830199,0.06287176821811545,0.00022705899232803423
J1,0.91362857,0.05314922591361475,0.05314685544293212,0.00025676288986210816
J1,0.9169608499999999,0.07010066560563712,0.07009823430109281,0.0002583473847143891
J1,0.9199721750000001,0.09456030283764803,0.09455434943413069,0.00018507942395806288
J1,0.922294495,0.0794530869519985,0.07945025648284261,0.0001920644295852178
J1,0.923583905,0.060866207854460286,0.060870106781125595,0.0002743469500765053
J1,0.924143725,0.053358780383522604,0.05335757221754687,0.00028695842809864033
J1,0.92448118,0.049274510300027594,0.049270654817655614,0.00034082795573128733
J1,0.92479685,0.04618604422454975,0.04617088752162719,0.00044806683199293516
J1,0.925196305,0.043369819428223315,0.04337051277200489,0.000337063603339036
J1,0.92594018,0.042037369614544205,0.04203988950639212,0.0002971057976977767
J1,0.927551375,0.04766683644668155,0.047663961644290244,0.00025822829451935297
J1,0.930056605,0.046345416989138105,0.046341486985245865,0.0002714391141424769
J1,0.932947035,0.03888785676084149,0.038885532316344486,0.0003013224558908011
J1,0.9358796149999999,0.039134807340838386,0.03913190547166159,0.00029244812747355504
J1,0.9384783649999999,0.0371326757448369,0.03713253672851002,0.00030092358052456487
J1,0.94025829,0.03616714571416472,0.036164018732343754,0.00030894375602679705
J1,0.9411625400000001,0.0359238465004997,0.03592240600409148,0.0003130139780822097
J1,0.94158652,0.03577979381024752,0.035772549424585624,0.00035333364564916
J1,0.9418729050000001,0.03565579409055635,0.03565756734908329,0.00033824075263794986
J1,0.942138055,0.03553110986050117,0.03552627615534588,0.0003438455208797812
J1,0.9425203200000001,0.0353415340762514,0.035343037676933246,0.0003325393606219941
J1,0.943179745,0.03484961654791596,0.03484669101095186,0.0003430092968068774
J1,0.94447538,0.033700854985051064,0.03370023867349197,0.0003552202461784349
J1,0.9465724099999999,0.0340287174586632,0.03402663442910868,0.00038616770968477794
J1,0.949011415,0.04245373635780898,0.0424518355175788,0.0003258673518877028
J1,0.951326795,0.048216804240750005,0.04821406681762695,0.0002818114238407832
J1,0.95301014,0.039591007882031876,0.03958511444244293,0.00037712155623369345
J1,0.95388224,0.032549493692532745,0.03254491224743644,0.00043926490973091975
J1,0.9542968549999999,0.029640437485273348,0.02965200409774003,0.0007401268051805532
J1,0.954557855,0.027958582919988872,0.02794812475599042,0.0006331413312391312
J1,0.95479528,0.026636794524440916,0.026631619881194786,0.0005539536746639438
J1,0.955067495,0.025472739223755682,0.02548106407364618,0.0006484449053822867
J1,0.9554904,0.024545477553750066,0.024546794346734808,0.00045976436859157494
J1,0.9562795799999999,0.024644807048233727,0.024641516365890206,0.0004828556368047197
J1,0.957761965,0.02540370522576439,0.025404231444252273,0.0004501969594472
J1,0.95973156,0.023840749288754428,0.023837400631436873,0.0005263041287456492
J1,0.96166025,0.02369366838378929,0.023689145683234745,0.0005488715946989725
J1,0.9630337200000001,0.02282579922761484,0.02282267237786172,0.0005077047885804872
J1,0.963719075,0.02202695057541198,0.022025964325935017,0.0005230890493594203
J1,0.9640681200000001,0.021682713167867733,0.02167785442219317,0.0005321503365778965
J1,0.96430018,0.021527637051916546,0.021526293644384572,0.0005378994307294119
J1,0.964508335,0.021449842794278973,0.021444316965781633,0.0005410974605748992
J1,0.964739885,0.021448333048868617,0.02145314052473474,0.0006516270753961659
J1,0.96505887,0.021572309365930447,0.021560923665444157,0.0006961102057620677
J1,0.96569087,0.022253533107101063,0.02225221639471095,0.0005502106411777972
J1,0.966838,0.024353868007031425,0.02435034653135875,0.0005509272518596629
J1,0.9683944449999999,0.025759285790641143,0.025755082064237347,0.0005387175692672236
J1,0.9699012300000001,0.02331933978791935,0.023316468900994182,0.0006557506649868947
J1,0.970889,0.019369927169569996,0.019361913924947866,0.000692440933486069
J1,0.97139855,0.017714397371008522,0.017717896524094324,0.0007370028273428236
J1,0.971691205,0.016918955693327548,0.016920853755427984,0.0007829244508013354
J1,0.971897135,0.01636527829816432,0.01636462047582882,0.0006735632244650051
J1,0.9720758899999999,0.015959566422934796,0.015946328895375846,0.0010481098273540264
J1,0.97227937,0.015633421271162365,0.015636550712290344,0.0006655923924955169
J1,0.972607605,0.015384687202240073,0.01537962170041657,0.0006823137309925795
J1,0.9731198750000001,0.015244773793355499,0.015243963485228655,0.0006900730422587223
J1,0.97400306,0.015074892516826147,0.0150689578231921,0.0007303041264436907
J1,0.97524251,0.013573465073094593,0.013571749507967305,0.0007189023220241838
J1,0.976354685,0.011831547777808636,0.01183109417531741,0.0007319781718212802
J1,0.97711141,0.011460836109384745,0.011459757629148293,0.0007499555465321408
J1,0.9775544,0.011762464539382409,0.011759939497225003,0.0007901319519814765
J1,0.977798435,0.012070439329937862,0.012075382024936273,0.000999635088956229
J1,0.97797472,0.012338564682462366,0.012319654397262722,0.0016929121438741858
J1,0.978142085,0.012611884578611425,0.012617746233868844,0.0010376094171941446
J1,0.97832572,0.012912955141688616,0.012916959725035088,0.0009900873317182349
J1,0.97857136,0.013280576161926651,0.01327649827283092,0.0008138630384527119
J1,0.97897318,0.013731761829284072,0.013728081147897302,0.0008392511897748954
J1,0.979662095,0.013771505458491031,0.013769585341711037,0.00086767737258926
J1,0.98060385,0.012167298802021009,0.012164220099799476,0.0008720506475044775
J1,0.9814799750000001,0.010144765365817201,0.010144785353262888,0.0008317145956347855
J1,0.982048135,0.009452157397078853,0.009451575680513273,0.0010825175734050444
J1,0.982395065,0.009292771875452882,0.0092880650417344,0.0015361877358257782
J1,0.9826385049999999,0.009102887211200419,0.009104812678652053,0.001746664220243959
J1,0.98280265,0.008948123301683134,0.008949560026036986,0.0015385102029719145
J1,0.9829496449999999,0.00885736771310661,0.008860301220831994,0.0013048952306956422
J1,0.983117375,0.008842443817267863,0.008841755919924968,0.0009710034822021376
J1,0.98332496,0.008917177174078897,0.008916922021784885,0.0008415673223474208
J1,0.9836337749999999,0.00902001164001538,0.009016507586377363,0.0009264520531454595
J1,0.984139015,0.009120599003909881,0.009120731623266628,0.0009056804215012976
J1,0.9848389200000001,0.009235466900281658,0.009232798212535356,0.0009743894402880107
J1,0.985537485,0.009038759355844216,0.009035205310524095,0.00102061617573856
J1,0.986041475,0.008726802100395517,0.00872504626582624,0.0010789289542385858
J1,0.98635001,0.00849790959992847,0.008492047830648832,0.0011750492501052833
J1,0.9865584199999999,0.008337169857758767,0.008335547292216604,0.0011964309468964136
J1,0.98671467,0.008214478412305286,0.008209541098088037,0.00117140986345509
J1,0.98684125,0.008117310753892775,0.008127776995764844,0.002375115285652215
J1,0.98698021,0.008011340310524742,0.007998131735660887,0.001994259093170274
J1,0.98714073,0.007890766739124337,0.0078937956012377,0.0015721330064127975
J1,0.9873571000000001,0.007732259016299915,0.007728421060418021,0.0012754024096744367
J1,0.9876858150000001,0.007497879172848317,0.0074942366536146,0.001366077830094877
J1,0.988151855,0.0071898498210707954,0.007188214018570418,0.0014995571373526396
J1,0.9886861950000001,0.006878001912231008,0.006876664478563625,0.0016950034704722628
J1,0.989141745,0.006626280896683821,0.006620936109322009,0.001971702370103774
J1,0.98946884,0.006452895105042206,0.006449917492912564,0.002135257183087991
J1,0.989677535,0.006282287529599239,0.0062841672585816286,0.0022903814165635295
J1,0.98982085,0.00607678890609593,0.00607609804059312,0.002040316962372224
J1,0.98996003,0.005874038108199472,0.005866264669727614,0.0019696959796773696
J1,0.99008723,0.005772510512307244,0.005775092839013047,0.0016466064859417956
J1,0.990208235,0.00576838068595499,0.005774370305332177,0.002454129274464506
J1,0.990359765,0.005800971220139917,0.005794580351561304,0.0023501201643408936
J1,0.99056732,0.005730337259433372,0.005725514213822013,0.002243774458227816
J1,0.990848335,0.005562362267258818,0.00556417115526639,0.0024756696478690945
J1,0.99120906,0.005336822723609562,0.005329007502132044,0.0023838221032633456
J1,0.9915836149999999,0.0051139597721575605,0.005113553916644375,0.002533916359652414
J1,0.99189059,0.004926889960604665,0.004921873471761636,0.0023532412049529143
J1,0.992113055,0.004791563708066837,0.004787453424669058,0.0024866903656309168
J1,0.99227533,0.004692719180514159,0.00468875924746824,0.0025399346730249316
J1,0.99240478,0.004612688604873455,0.004616875457820443,0.003469875337908538
J1,0.9925164099999999,0.0045430251910189845,0.004538019561301389,0.0027844225337497327
J1,0.992622185,0.004476372354571513,0.004471976387791785,0.0028347356264466937
J1,0.992735185,0.004404553581651023,0.004402857539587196,0.0029400380789681045
J1,0.99286871,0.00431900430980654,0.004314699630077517,0.0030517832210056944
J1,0.9930383549999999,0.004209405602651011,0.004211237511962797,0.003414148619272791
J1,0.993253765,0.004068859512092751,0.00406105865008514,0.003536256734001803
J1,0.993508695,0.0038986837094956398,0.003895972753836796,0.003505427743357317
J1,0.993763705,0.003722977560875978,0.0037238080715182136,0.0038897452603901986
J1,0.99397897,0.003575647797647572,0.00357432508639962,0.004050523446544655
J1,0.9941471500000001,0.0034614591802526844,0.0034694287801622305,0.005280014858838566
J1,0.994278905,0.0033744585896052517,0.0033609841019864787,0.00628290623511182
J1,0.994387055,0.003304709169568856,0.003305469408512658,0.004624806235054884
J1,0.994483365,0.0032351884527607472,0.003235649579937029,0.0051253679309825615
J1,0.99457883,0.003147475057588031,0.003159082499028403,0.006955493040331002
J1,0.99467897,0.003022544956076162,0.0030235437086841956,0.005639560559045708
J1,0.99479321,0.002843767551327299,0.0028437574115472495,0.005032412260857345
J1,0.99493013,0.0026929155881738483,0.002694138021427193,0.004598951841726729
J1,0.995094345,0.0027212138382497206,0.0027201930849803132,0.008171223752609636
J1,0.9952834850000001,0.002701285738439508,0.0026990466601353917,0.007306384584965589
J1,0.9954757750000001,0.0025418205583282384,0.0025366057673157747,0.008397384039579904
J1,0.99564773,0.0024239113487798266,0.00242873888821571,0.009216269459642438
J1,0.99578788,0.0023138943456653504,0.0023131851837756303,0.00812045991544908
J1,0.9959004650000001,0.0022363602460001124,0.002231328742138771,0.008610020732907352
J1,0.99599751,0.0021802095341755044,0.0021794672252707556,0.009387213371394955
J1,0.996084535,0.0021305234317099144,0.0021248244130434397,0.009827909624455967
J1,0.996166505,0.0020798106433411352,0.0020938971596459978,0.01348159504975011
J1,0.996250265,0.002023856028439171,0.0020082069176927822,0.013482523642708818
J1,0.9963398299999999,0.00196161222546482,0.0019660273516934066,0.010481542962272657
J1,0.9964383299999999,0.0018929507713277389,0.0018876221634358682,0.010503666510865949
J1,0.9965499,0.0018162682411663141,0.0018255393624343015,0.012538753905654431
J1,0.996673315,0.0017323564703813383,0.0017273716229143964,0.011188813202180119
J1,0.996798115,0.0016491001225060163,0.0016462877384117484,0.011576677617414528
J1,0.9969162300000001,0.0015721212858899897,0.0015818231237697217,0.014183302070552432
J1,0.997022835,0.0015041532191840139,0.0014927771642886361,0.015268631741546076
J1,0.99711488,0.0014470477186066374,0.0014575320991111749,0.015797165733532532
J1,0.9971971399999999,0.0013968359929044528,0.0013942443340407603,0.01359748181471175
J1,0.997273835,0.0013500390123339463,0.0013471501424867686,0.014430835975349728
J1,0.99734645,0.001306009674541031,0.0013059624661825539,0.014590144766034775
J1,0.99742155,0.0012600792411459826,0.001271532943631896,0.01798579854121364
J1,0.9975006049999999,0.001211343724927247,0.0012051149634331928,0.016603100991138733
J1,0.9975866849999999,0.001159341838142705,0.0011633886737943077,0.016448613974582096
J1,0.99768445,0.001100483469114503,0.0010957529189551622,0.017266154591134397
J1,0.99779255,0.001034682276463121,0.001035112956695868,0.01760841955877884
J1,0.997905955,0.000964433993598873,0.0009736854438244188,0.02212452772531073
J1,0.998017105,0.0009012527874513438,0.0008920718606353568,0.0238487812271894
J1,0.9981198099999999,0.0008513076998053283,0.0008516246847728368,0.02280008233622621
J1,0.99821168,0.0008037968478802571,0.0008110223892916496,0.025702929937472828
J1,0.998291805,0.0007552145941003794,0.0007599914146189621,0.02577930132273989
J1,0.998362505,0.0007135315191713945,0.0007129612219137535,0.026997445867691965
J1,0.998428265,0.0006787642977419588,0.0006771288840979811,0.028445770866368503
J1,0.99849021,0.0006510516553065007,0.000656435288123072,0.031516666650445294
J1,0.9985502500000001,0.0006264391118814285,0.0006205081454063309,0.03549581007187436
J1,0.998610655,0.0006009355851222359,0.0005988342973210052,0.035507596514577626
J1,0.9986722299999999,0.0005669503937667287,0.0005763164207822496,0.042822403317463766
J1,0.9987352700000001,0.000522468439122595,0.000512953312440251,0.047930912763747516
J1,0.99879944,0.000478385877702496,0.0004804237737267314,0.038664584791858
J1,0.998863665,0.00045049347418004733,0.000465517060863926,0.05899540213933975
J1,0.998926635,0.0004379252034774539,0.00043834674822564235,0.058069576011826704
J1,0.9989870000000001,0.0004241611416930797,0.0004240903873283235,0.06430389108313761
J1,0.99904494,0.0003945415790667648,0.00040092135375693883,0.070345754415868
J1,0.999100495,0.00035575567075112817,0.000353477194482429,0.06866126569625526
J1,0.99915418,0.00032364219508302137,0.00031461229992314326,0.07702302300653016
J1,0.999207805,0.00030439440034987216,0.0003179404462179357,0.089634080688128
J1,0.999261645,0.00029519009170646867,0.000279123727943261,0.10499984372243186
J1,0.999317115,0.00028369625758816125,0.0003037470947026063,0.1185229069616187
J1,0.999374585,0.00025911474311962634,0.0002669468542033394,0.09756954221466668
J1,0.9994338549999999,0.00022540349700272603,0.00021134556552446722,0.1353879042313327
J1,0.999494525,0.0001963909600979123,0.00021518374227992514,0.16082013327492176
J1,0.999555535,0.00017680498891000775,0.000170577263905775,0.14502004937693747
J1,0.99961542,0.00016406133847970413,0.0001701656955883791,0.1468288809433635
J1,0.99967374,0.00015314902334199904,0.00015932115907654873,0.16184687592604652
J1,0.99973069,0.0001381497712005111,0.00014197227406059478,0.17531191442572477
J1,0.999786865,0.0001202396858498167,0.0001107626748935672,0.23522036016676504
J1,0.9998437950000001,9.859515452321824e-05,0.0001117168439540652,0.2811720639091099
J1,0.999903505,5.946124742329079e-05,6.68954354924039e-05,0.39799116945121976
J1,0.999967255,2.506613146048514e-05,3.750348333378583e-05,1.208720831672114
J2,0.0070051837,67198.12049348441,62891.80953463693,0.07310203633822397
J2,0.014010387,20129.68829597968,23904.052245633742,0.24250000887102816
J2,0.02101561,13.764045567956385,2452.07516593548,179.08117381213435
J2,0.028020897,0.9849289942818841,660.6436417640616,669.822347814676
J2,0.035026362,0.09469203379074641,176.8372810850401,1867.2737725386344
J2,0.042032102,0.2970884540402098,47.10995174107259,159.44431903078757
J2,0.049038173,0.3912593009285259,13.047062318833197,32.44835545239242
J2,0.056044637,0.43110461987175214,3.018171749085123,7.88762318911002
J2,0.063051578,0.44487234934370345,1.3269882211078983,2.0497425482943155
J2,0.070059139,0.44496051136319276,0.2489281509620382,0.548118268868645
J2,0.077067316,0.43636538201556657,0.49627709906189027,0.15053729689611786
J2,0.08407617,0.42122257630884374,0.4058454844920479,0.041143787386032867
J2,0.091085765,0.4013797978955741,0.40563300196956836,0.012009806329400009
J2,0.098096261,0.3784327262442617,0.37747050402825455,0.0033603386752341004
J2,0.10510766,0.3524968942992962,0.35294729262080726,0.001945348640894698
J2,0.11211999,0.3245314971510884,0.32452394166981546,0.0010463046085596767
J2,0.1191333,0.29501280818385833,0.2950554898459398,0.0010766144049128624
J2,0.1261477,0.26475413711563844,0.26489910137055867,0.001254076366700694
J2,0.13316331,0.23421052259763186,0.23430328723481106,0.0013027693296622479
J2,0.14018006,0.20499176746508288,0.20490057105554144,0.0015177596814549808
J2,0.14719801,0.17854614234666114,0.17885729328716046,0.0020953323782878894
J2,0.1542172,0.15770889813158037,0.15743291486397817,0.002339913215920083
J2,0.16123788,0.14660168486991493,0.1468590877477537,0.0029026797375277316
J2,0.1682599,0.14839000711362677,0.1482497613701298,0.005654683811498714
J2,0.1752833,0.16439681869957304,0.16439531649620687,0.007814154842251711
J2,0.18230813,0.19055578111828136,0.19068014859996074,0.00551679963349353
J2,0.18933457,0.22484781174056864,0.2247598507934572,0.0028486109588096503
J2,0.19636261,0.26379745985045855,0.2637508900875908,0.0018570921971907196
J2,0.20339219,0.30624963074856243,0.3062903706747676,0.0016192888251661953
J2,0.21042336,0.35036821517300265,0.35032985755066565,0.0012523044804281492
J2,0.2174562,0.39598606691562194,0.3959712817114175,0.0007301512849204201
J2,0.22449087,0.4422943413978531,0.44234569120274253,0.0005781057905562614
J2,0.23152719,0.4886668165371101,0.48859770479435116,0.0007185519362391501
J2,0.23856519,0.5353443722915562,0.5354015420014994,0.0006577094408621876
J2,0.24560487,0.5815201995547089,0.5815356104625473,0.0007062411802209398
J2,0.2526465,0.6274765238727898,0.6274734397115093,0.0009946266312134233
J2,0.25968982,0.6727879507270328,0.6728435373675523,0.002029752454293215
J2,0.26673481,0.7172123921613897,0.717159410766618,0.002773335219675609
J2,0.27378146,0.7605623250146654,0.7607461577762163,0.001964496896032145
J2,0.28082991,0.8029860080156408,0.8029754744845295,0.0009963683475580718
J2,0.28788002,0.8441413820005758,0.8440483342843925,0.0007422685387000194
J2,0.29493168,0.8838441194097834,0.8840454344178753,0.0006837211289267294
J2,0.30198481,0.9219686612228299,0.9220240767246168,0.0004996598479612662
J2,0.30903945,0.9583671193312935,0.9584151162012011,0.00024257908438438518
J2,0.31609553,0.992354437625077,0.9923392467728462,0.00016995370722151028
J2,0.32315282,1.0237997569451847,1.0241758434170565,0.0005794058591812062
J2,0.33021123,1.0524392760469252,1.0522858921643437,0.0005197438456859543
J2,0.33727064,1.077170257437905,1.0775339188297772,0.0006144272780702372
J2,0.34433099,1.0978764635452551,1.097869366211098,0.0006874081818863325
J2,0.35139198,1.113739040356631,1.1142016940735713,0.0013844801795807919
J2,0.35845345,1.1240448787585828,1.1240424274986858,0.0018230233690921956
J2,0.3655152,1.1279995554406856,1.128611207949799,0.001446268181268894
J2,0.37257699,1.1250347465223447,1.1251155684134642,0.0006934722167893119
J2,0.37963853,1.114246759463782,1.1145130905022107,0.0005208318860840275
J2,0.38669957,1.0949407854862783,1.0953755886906364,0.0005549353374012602
J2,0.39375982,1.0663096375255325,1.0671044370264298,0.0009222847027208954
J2,0.40081879,1.0274987030220597,1.0274920499131712,0.0008163486085608958
J2,0.40787617,0.9777027945582442,0.9784394321191129,0.000968204714707568
J2,0.41493163,0.9160055457959458,0.9166926482791301,0.0008439707883321913
J2,0.42198478,0.8413899430699393,0.8415412148791098,0.001015384304466936
J2,0.4290349,0.7530961819469568,0.7543153768471121,0.0020214540500103446
J2,0.43608145,0.6499429498794366,0.6500912534000927,0.0017477562885645191
J2,0.44312412,0.5314458862095072,0.5325941002152114,0.0029719284401668418
J2,0.45016237,0.39830085751692224,0.398986252341469,0.003548807881717653
J2,0.4571954,0.25663230325230635,0.2574855146548198,0.004912913099651284
J2,0.46422199,0.15260138272440485,0.15258367139889512,0.006021002587087805
J2,0.47124206,0.23573526516990517,0.234852221808393,0.004430165646272752
J2,0.4782549,0.4405259699950431,0.4391353012601742,0.004560870232916992
J2,0.48525973,0.6914578406349944,0.6904783203219452,0.001730692018562052
J2,0.49225438,0.9776971537445053,0.976231332035859,0.001617020616481672
J2,0.49923888,1.298819995453207,1.297255300001868,0.0012444909337611524
J2,0.50621244,1.6559608395854248,1.654984817566146,0.0009013723146627562
J2,0.51317402,2.0516062463173186,2.0493591244368154,0.0012608678083384497
J2,0.5201217,2.491424894165038,2.4896889680611958,0.0007613547741023763
J2,0.5270536,2.986664873969352,2.983818691972373,0.0009537612579012536
J2,0.53396966,3.558965534657107,3.5545943619421756,0.0012328693120977974
J2,0.54086852,4.236792842800592,4.232000676932047,0.0011336760668210761
J2,0.54774867,5.035932243340283,5.032257260269621,0.0007303428097746571
J2,0.55460628,5.9037862407960855,5.9093951852970195,0.0009591983814975794
J2,0.56144032,6.6212941637017435,6.643838644409047,0.0034192470186232924
J2,0.56824965,6.853419377798511,6.882532632377087,0.004253413860260322
J2,0.57503184,6.620267051848587,6.598095318028627,0.0033830482556781475
J2,0.58178397,7.141989239773726,7.015250808698693,0.017775740409489104
J2,0.58849915,10.042598977902395,9.991687663471957,0.005082380913342452
J2,0.5951722,12.73016919958668,13.13617569499662,0.03191665665987822
J2,0.60179608,8.11740422234046,8.356161405457126,0.029474713454953415
J2,0.60835445,3.5597806824451683,2.1701771285204394,0.3954488754059631
J2,0.61481121,20.086463249136163,20.40656365416878,0.016060244358225437
J2,0.62103683,24.614847554082033,27.28656997090325,0.10858346642768522
J2,0.62643997,24.564180845958802,32.46330889900764,0.3216418093405562
J2,0.62948032,73.35879224131618,80.22402503338647,0.09358929625332561
J2,0.6306865,89.94024598304182,90.90973161232148,0.010786236452272684
J2,0.63157464,83.59539804093626,83.66971277423964,0.001149406093012687
J2,0.63351676,80.04145198016774,86.32931665511803,0.0785834119377905
J2,0.63796138,17.43500319189405,20.89055505150399,0.1983126761184221
J2,0.64381166,25.726535314858797,31.944284925718815,0.24183324757093003
J2,0.64996413,12.101828905015088,17.57050911230176,0.4527615578525102
J2,0.65618789,3.602401801213099,5.968265787759286,0.6666177126241849
J2,0.6624135,2.8386588667988506,2.869613165713365,0.023319699466067555
J2,0.66861264,4.031721433431518,5.158431443880621,0.28422275854978674
J2,0.67477459,2.9497506599261154,4.1029687428955315,0.40401093690621703
J2,0.680894,1.8179863832524388,2.565667346508714,0.45366308036524944
J2,0.68696714,1.1490405336591016,1.456422983997072,0.3719479560981759
J2,0.69299141,0.9366861150585944,0.9236580198366995,0.1734970889633863
J2,0.69896491,0.9610240930534906,0.9784670228491794,0.05332070663118131
J2,0.70488615,0.9323440994358211,0.9306109477053539,0.002439500393428425
J2,0.71075396,0.8993795470899001,0.8990270548394778,0.018012052136417635
J2,0.71656739,0.899913148634657,0.8998616985742047,0.0039983555563363644
J2,0.72232564,0.9151251708427985,0.9165555327085136,0.003839617811572063
J2,0.72802803,0.9070032835820812,0.9084144820347972,0.004379734442722656
J2,0.73367398,0.8725102767531694,0.8721726196569431,0.0015741524225900243
J2,0.73926295,0.8421175482781021,0.8413714657985533,0.0034141232507779347
J2,0.74479438,0.8238288037329451,0.8237704069412414,0.0002875395215953809
J2,0.75026761,0.8083312357840999,0.8087677963392801,0.0019472059572982546
J2,0.75568176,0.7862644154373243,0.7861730692895134,0.0013424705906373733
J2,0.76103544,0.7605135316428935,0.7606287409103325,0.003155918301825107
J2,0.76632633,0.7366633240039245,0.7361864614657574,0.004949464153760119
J2,0.77155014,0.7170062107647542,0.7170177747448288,0.003701911754013185
J2,0.77669841,0.6989407040619977,0.698999718625364,0.001355334833689564
J2,0.78175246,0.6815430372820052,0.6812918669076925,0.0009031548042940987
J2,0.78666423,0.6654620820706805,0.6652392008401808,0.0038513724496804158
J2,0.79127117,0.6519429484386436,0.6511444852598602,0.004394120939363839
J2,0.79496691,0.6445269925376942,0.644678472144752,0.004459314017847309
J2,0.79675128,0.6398076165442496,0.63917984065989,0.012116787525737345
J2,0.79754065,0.6370345064863886,0.6290058815320307,0.01700457634788492
J2,0.79810794,0.6529742758232275,0.6666701726550116,0.025958959035576556
J2,0.79881569,0.6302307227655579,0.6359431030996452,0.04635710283379606
J2,0.80055556,0.6109916721361821,0.6128157058279429,0.012674204513336043
J2,0.80406114,0.5991516317098016,0.5985001753428663,0.003801376915874823
J2,0.80842073,0.6078825881653351,0.6034111052765941,0.008722350021293582
J2,0.81302416,0.6576143049740195,0.6659954153843968,0.015443838655936532
J2,0.81768384,0.5546109717683071,0.564955228313894,0.02740388081283439
J2,0.82233974,0.4830785024701438,0.43273881313358986,0.13051454035872173
J2,0.82696847,0.9558750480123439,1.0441202263641916,0.09559990577860848
J2,0.83154794,0.3769881813545198,0.36376448991300897,0.04883999629138329
J2,0.83607865,0.3714071610880465,0.28322551672868584,0.5058137045940934
J2,0.84055351,1.9668882739599431,2.3110617007879415,0.1764642701493399
J2,0.84496123,0.5713094166009656,0.7263582172149956,0.3072653774594603
J2,0.84928162,0.696241969027648,0.3221941663906613,0.7479546478911031
J2,0.85344984,6.851887533050104,7.9266713412351955,0.15698947863805338
J2,0.85722671,0.943557959728318,1.7695022572629278,0.9099729633870408
J2,0.86003193,6.690656250995827,7.100653838299722,0.062189701607878206
J2,0.8611646,9.381939821714923,10.309320506654378,0.09899564758094967
J2,0.86171739,17.584531350531226,18.353850821378412,0.04377115643684048
J2,0.86213782,17.28265697648616,16.727450243064357,0.03213893780774259
J2,0.8626873,22.105906557587367,22.01767492098454,0.004171587849677792
J2,0.8636786,18.06082514315535,20.287965670194115,0.12339482094539775
J2,0.86606065,3.8420108921861886,4.688059757870126,0.22238184157877716
J2,0.86953357,4.73062288706042,5.330851189603783,0.1274462149041063
J2,0.8733977,1.749117663969933,1.6173009416111188,0.08525083612138779
J2,0.87736975,1.3900323064538742,1.5441601437083803,0.14423334231745172
J2,0.88132956,2.05621042089683,2.2130409451737894,0.08069595303713147
J2,0.88524283,1.2432861706211866,1.2925429762048335,0.0775509035775603
J2,0.88907845,0.29938833975404067,0.3860947056543343,0.39740229730713506
J2,0.89276962,0.1702457746717431,0.1498776523264985,0.2514930485246779
J2,0.89600392,0.12674991595779067,0.13788717737965542,0.13926384746229653
J2,0.89816257,0.122836365622759,0.11263096250282592,0.11619789466844085
J2,0.89904339,0.0679401366587718,0.07076685288222305,0.06517358413368607
J2,0.89949853,0.06610013720035171,0.06524810103995847,0.09323006928164555
J2,0.89986159,0.10315145508889442,0.07676747599631832,0.3217941397059381
J2,0.90025468,0.15516992174533464,0.17121430625115713,0.1303618635318163
J2,0.90090921,0.1706497262785795,0.16658924165015998,0.05075090672445605
J2,0.90236991,0.30902536248717094,0.24797192872872864,0.21117244521577816
J2,0.90517973,0.7390078838802377,0.7606332004241487,0.030568221911636995
J2,0.90846437,0.2582417749629652,0.4099120878329647,0.6271751079623062
J2,0.91191191,0.8933076576818553,1.3394560668541027,0.5017998211218658
J2,0.91534523,2.8912479394267123,3.3214367443166903,0.1497028994555585
J2,0.91857647,1.5677694934536384,1.5941939846420843,0.05606188350993068
J2,0.92136788,3.0084018787846345,3.4688897781167602,0.1536096719196511
J2,0.92322111,3.7348660316490294,2.8896081061786303,0.2268448987678369
J2,0.9239467,0.1488288771546295,0.21386546079143978,0.7624644855427137
J2,0.92434075,3.895501468766291,4.378550907231549,0.12410269708998353
J2,0.92462161,3.4533430675297345,3.1070439965456176,0.10045401112947806
J2,0.92497209,7.102440710039968,6.867192478985109,0.03331000991014051
J2,0.92542052,10.655182172793468,10.942599282924578,0.027035256568317925
J2,0.92645984,4.595904986943853,5.436230019620422,0.18336253875140687
J2,0.92864291,1.9288682957657743,2.3963574585842395,0.2431352286645184
J2,0.9314703,1.853488665714044,2.2622031404537912,0.22145481146700002
J2,0.93442377,0.9472864140356799,0.8326538912513797,0.12681648177330684
J2,0.93733546,0.15638583035765052,0.14302795420247064,0.18918051496160723
J2,0.93962127,0.20549962070744268,0.23320488701721992,0.1576220951328354
J2,0.94089531,0.2707786472339171,0.26619705222533496,0.03666680470379195
J2,0.94142977,0.2105212585056507,0.20182256538823526,0.06841938384301016
J2,0.94174327,0.1624641365169205,0.1734351402298971,0.2123445430647438
J2,0.94200254,0.13322212990624538,0.12787364950904434,0.26483190902033776
J2,0.94227357,0.11684825293272007,0.12867268519278982,0.15901535210103557
J2,0.94276707,0.06440977012482309,0.06590919831859143,0.21754055372080366
J2,0.94359242,0.12896498503177514,0.1191797611745729,0.2287441086897416
J2,0.94535834,0.39459986235097716,0.3229429708627313,0.2629264251230424
J2,0.94778648,1.0002992521002818,1.1458747272246212,0.14791944755762756
J2,0.95023635,0.308278769363668,0.1971078263574823,0.5199677159408168
J2,0.95241724,0.2658626268046304,0.4384066866212343,0.7092146610787265
J2,0.95360304,2.2548339564494184,2.086801143048958,0.07519080828871606
J2,0.95416144,0.8623035837284936,1.0445617747532607,0.21187051705854207
J2,0.95443227,2.1299414351816646,2.2601191372275977,0.07151188256408153
J2,0.95468344,4.798267418460847,4.961263907527425,0.034214082526721104
J2,0.95490712,5.564285972260809,5.314966558920768,0.04561134357367543
J2,0.95522787,6.901703362362464,7.332855078119442,0.06252581571050275
J2,0.95575293,2.338091207063793,2.8603558466137815,0.22371345439384294
J2,0.95680623,1.165540031178258,1.1378306052025446,0.05478380343938583
J2,0.9587177,0.9750637231886223,1.068313145411399,0.09897284625858263
J2,0.96074542,0.5452930432218958,0.6489276146966428,0.22270270782106727
J2,0.96257508,0.4547523680265375,0.4462254969148014,0.199139535694781
J2,0.96349236,0.4462148959387348,0.4421635438415426,0.04546282078842022
J2,0.96394579,0.3379105100861755,0.32224123276099276,0.05534462300558208
J2,0.96419045,0.2364647205179509,0.2432969655494399,0.1248874965648153
J2,0.96440991,0.19155694712934182,0.16613400002045176,0.2095471581909914
J2,0.96460676,0.25983209389660805,0.3175888690241738,0.2558504116994819
J2,0.96487301,0.3461431848974351,0.28695900948759495,0.2051547470292796
J2,0.96524473,0.5792230405299784,0.5161981854375846,0.11950222900509512
J2,0.96613701,0.7144561220442329,0.8232983642212629,0.15919374349764828
J2,0.96753899,0.2582888652218389,0.2686940839913477,0.6691771231336011
J2,0.9692499,0.26299618747273984,0.44065364854848904,0.7218295059905891
J2,0.97055256,2.3092911502020073,2.5939599962871296,0.12420884849784218
J2,0.97122544,0.9557130269433137,0.6189674777028388,0.36435896768670667
J2,0.97157166,0.17242291075940938,0.2375698289245388,0.6261404883927004
J2,0.97181075,3.3438053036963966,3.686791758898917,0.1027590141136542
J2,0.97198352,5.252661535072227,5.32426573647233,0.023689120344152645
J2,0.97216826,6.0118288436001714,5.976949429329229,0.01814420317724355
J2,0.97239048,5.274990886260575,5.78652693551438,0.09717244995838308
J2,0.97282473,1.4480912233422933,1.423897267454446,0.02230949519198988
J2,0.97341502,0.22090381953405977,0.34402814923941216,0.6258303561666638
J2,0.9745911,0.70639575587337,0.8124545575605711,0.15529855108170934
J2,0.97589392,0.390542109898267,0.3293571206035388,0.18777287022258501
J2,0.97681545,0.22632388510529314,0.2521644182476802,0.17123576631884524
J2,0.97740737,0.46605465408040586,0.5011925645439519,0.0790658083717315
J2,0.97770143,0.5944988392420977,0.632571599436527,0.0862165942729011
J2,0.97789544,0.6736604134327762,0.5739360669910225,0.283860886040032
J2,0.978054,0.7257679317951897,0.8808891532680343,0.2917206572408742
J2,0.97823017,0.7321830361896274,0.7139971031739266,0.03836589603281495
J2,0.97842127,0.691876727524335,0.675791383416024,0.049551936833747076
J2,0.97872145,0.5900550254882596,0.614185718388358,0.04467048354669909
J2,0.97922491,0.22299390397421154,0.3166860553722986,0.45906657349600327
J2,0.98009928,0.6907249105419204,0.66422816414686,0.051795457219798585
J2,0.98110842,1.1148182726711802,1.1847113487174763,0.06418428090106527
J2,0.98185153,0.6583142772887656,0.9960411843361642,0.5160869790409546
J2,0.98224474,2.7158906651160795,2.8928133988229323,0.0653699605701261
J2,0.98254539,1.191052998896005,0.9704627433929154,0.2021587720049491
J2,0.98273162,2.8274105905682134,3.1137937755674487,0.10189129237639387
J2,0.98287368,4.97091693639577,5.021243254712487,0.010447666698065987
J2,0.98302561,5.292245429650454,5.4174547811067635,0.023909447423585084
J2,0.98320914,3.5893698286878055,3.7533480202261424,0.04584462484624299
J2,0.98344078,1.020518679502318,1.1108420823728329,0.09513243992387183
J2,0.98382677,0.6501497643279104,0.6304927966090962,0.05774190990293487
J2,0.98445126,0.6905691013814081,0.7268362080892222,0.05449906947697735
J2,0.98522658,0.34932218449677555,0.32048649106796745,0.08945493473658427
J2,0.98584839,0.154257250127205,0.14169951226649963,0.11332610582306944
J2,0.98623456,0.09454091368786127,0.09515145064077772,0.1795839057883478
J2,0.98646546,0.07571694281029943,0.0803246059524449,0.31833528746565737
J2,0.98665138,0.07895610049179339,0.07588465317145628,0.15546330593959384
J2,0.98677796,0.08068043802227694,0.28586284721023053,3.1440058029123397
J2,0.98690454,0.09171971818611113,0.31834973376765036,3.772394980711994
J2,0.98705588,0.09656854307147875,0.24112587249596637,1.8889592818678593
J2,0.98722558,0.10941238285391736,0.09230426847948046,0.3767774793124408
J2,0.98748862,0.14214892289312112,0.1409432282731864,0.023939114624719926
J2,0.98788301,0.16524004904337153,0.17001338234923616,0.06759981273241986
J2,0.9884207,0.17124668262855408,0.16812379181802853,0.11996583142747688
J2,0.98895169,0.24976061935692653,0.2653003551420061,0.09950120361921165
J2,0.9893318,0.13333577013914905,0.14187015240301326,0.27142512408004743
J2,0.98960588,0.32262678219490376,0.39341185994752076,0.24403366047088879
J2,0.98974919,2.0164528814744327,1.9485524915238683,0.034757244308818956
J2,0.98989251,4.7472820042987625,4.884014755715964,0.038362830021533775
J2,0.99002755,6.617080599405808,6.683600426389953,0.02643822569492569
J2,0.99014691,5.773036791675843,5.854903430021686,0.015981838918328908
J2,0.99026956,2.8513495342596684,3.177976228097669,0.12531263585698693
J2,0.99044997,0.24590391310457824,0.2278362955275685,0.17049564885156243
J2,0.99068467,0.4134723219534897,0.4555717119235361,0.1287087777860029
J2,0.991012,0.2215541372630995,0.21555976353539158,0.22058061218505723
J2,0.99140612,0.11390674588494754,0.15580301339544964,0.458605568123493
J2,0.99176111,0.26170700628944504,0.295356107843345,0.17716932299369328
J2,0.99202007,0.09551949194499018,0.07191539868662139,0.3543160608186332
J2,0.99220604,0.07386462878231516,0.09153489859878391,0.3019711095683383
J2,0.99234462,0.07323879128704132,0.14956787527500146,1.2731615593612655
J2,0.99246494,0.07597564103422681,0.07933959663808454,1.0856966408334425
J2,0.99256788,0.07679185735731259,0.08012203148626022,1.0440847974834508
J2,0.99267649,0.0757436465016333,0.17541231749329925,1.697067831946595
J2,0.99279388,0.07267321682782742,0.13197815203829663,1.997032385322314
J2,0.99294354,0.06913843833174195,0.19014295019415328,2.0553421885546843
J2,0.99313317,0.07846936183570717,0.08652442281050131,1.6317012251145757
J2,0.99337436,0.08495744095773516,0.15292561499555074,0.909991888846702
J2,0.99364303,0.12238650311869358,0.1345956462663078,0.11837663896432864
J2,0.99388438,0.09953281365178848,0.09680765107100085,0.3508782037006963
J2,0.99407356,0.11124936878305355,0.15957669311231007,1.1085347706768707
J2,0.99422074,0.3001975413708876,0.5458309204651256,1.1505582513700854
J2,0.99433707,0.06514690951362039,0.32081836853404216,4.385995320644628
J2,0.99443704,0.6502139802761704,0.608362186671342,0.21075975664933294
J2,0.99452969,0.886863705914426,1.2154526619062298,0.5010187943425174
J2,0.99462797,0.1728596663065294,0.3172735414182781,1.6594092923219312
J2,0.99472997,3.9400305382077834,3.5015942166245133,0.1125077523171868
J2,0.99485645,9.743563800867534,10.025498735410485,0.029372067017159522
J2,0.99500381,7.704091356528374,8.570411958386394,0.11265767138082697
J2,0.99518488,1.1884208943456045,2.045382268463056,0.7226556143159601
J2,0.99538209,0.7145495778774463,1.1807125675180956,0.6576117092792517
J2,0.99556946,0.09719677928394407,0.27351181690449605,2.0247527313245595
J2,0.995726,1.2382454858078025,1.3497619464904114,0.11378984578371802
J2,0.99584976,0.06468733922184106,0.10563661823596805,1.8053677978437235
J2,0.99595117,0.6619753800435012,0.70324201966147,0.11295545554717307
J2,0.99604385,0.5421789617251433,0.5605502122042221,0.1620366760366453
J2,0.99612522,0.1713243863388167,0.7482174618090843,4.192189508762872
J2,0.99620779,0.133788869015084,0.9664569800586513,7.459999084332413
J2,0.99629274,0.2376316602697329,0.8256860510085455,3.1532134064730375
J2,0.99638692,0.2148372266556852,0.43997147280861687,1.945437532419115
J2,0.99648974,0.14719683412024953,0.3600441719412202,1.9892582772770273
J2,0.99661006,0.09741042297377095,0.1837211504958279,2.073461561751092
J2,0.99673657,0.07618541661222457,0.07613226584776436,0.2583392400283373
J2,0.99685966,0.06875731644249952,0.3402807721582569,4.319188791951414
J2,0.9969728,0.0646442513082509,0.4474507942396331,7.440624185712072
J2,0.99707287,0.0595668129284628,0.5450674864198695,8.591429551922623
J2,0.99715689,0.06384749928642151,0.3581690724239395,5.869304819853012
J2,0.99723739,0.0690865013759026,0.07902643865818937,0.5707018961252639
J2,0.99731028,0.09566115332601405,0.11187317270739613,0.4187156851172995
J2,0.99738262,0.12880954024984417,0.5063464932300601,3.9955739976972016
J2,0.99746048,0.1448072089903635,0.7522045087377468,4.859516122148449
J2,0.99754073,0.11483934552018377,0.32479425887303304,2.781540128486266
J2,0.99763264,0.08194298916021502,0.12475339687367312,1.295908102557984
J2,0.99773626,0.09511591344166813,0.09121690025827893,0.1717177906011579
J2,0.99784884,0.15422718816310715,0.204396348212326,1.0381336201091438
J2,0.99796307,0.13639083407914995,0.21351499092140575,1.9551489105564033
J2,0.99807114,0.6172232868417302,0.6942450502663486,0.1715550737692461
J2,0.99816848,0.36491359434303633,0.5767806243075222,0.7677797450532277
J2,0.99825488,0.5842281834834087,0.7083362550114798,0.24588214606043127
J2,0.99832873,0.723156648860702,0.8891708894755229,0.3620780604748214
J2,0.99839628,0.17864365424545642,0.2028533781679004,0.2225339900375884
J2,0.99846025,0.9030388575541536,1.0848272586902057,0.2919570882570762
J2,0.99852017,1.8193850152164075,1.6341065919094748,0.23026819009397415
J2,0.99858033,2.5439063966440654,2.7467173275274632,0.10328208185463165
J2,0.99864098,1.007375007743242,1.5124787229143866,0.6152322057894256
J2,0.99870348,4.304544827727246,4.510606578010727,0.15119753794069518
J2,0.99876706,11.530504027290355,11.616631493443242,0.018875138506153598
J2,0.99883182,15.033371492625953,15.049936237732663,0.040638393232834455
J2,0.99889551,12.152475379201872,12.744134709251705,0.08270135427546127
J2,0.99895776,4.676344431044463,4.36584250053549,0.14705309610459705
J2,0.99901624,2.589879312994065,2.6983244967356277,0.17451488253760655
J2,0.99907364,5.243034237758627,5.5744131304084235,0.08021259660667386
J2,0.99912735,3.1497315012201437,3.0424146741718463,0.21099321066234802
J2,0.99918101,0.6085205823595632,1.1051293067122363,1.7831935889731028
J2,0.9992346,2.6240934439089347,3.377851396491756,0.49573593671027694
J2,0.99928869,1.7884558496001963,1.8359630994194949,0.5719037247723943
J2,0.99934554,0.2665337732919739,0.40438636879975126,0.7250637479792339
J2,0.99940363,1.3290893259663625,1.7263825346508266,1.076655726519096
J2,0.99946408,0.6095041852501044,2.1004564394485077,3.0256290805526045
J2,0.99952497,0.6113021606842723,1.7686013759794288,2.535232421524601
J2,0.9995861,1.1120171736785942,1.3145759620048283,0.7605005560168103
J2,0.99964474,0.8966265812075742,0.9680195471575362,0.23643863619024133
J2,0.99970274,0.19685260010176497,0.28764815916445413,0.8548912649386207
J2,0.99975864,0.5382403419718205,0.6641706184329529,1.1154746514615548
J2,0.99981509,0.7842352855012882,1.165481847608767,0.841441758746869
J2,0.9998725,0.6273450144596335,0.674597413738143,0.36034283985982957
J2,0.99993451,0.27513069366521586,0.38422813366607245,0.9345067483241372
J3,0.0070051837,103.29495020645562,91.11646694901559,0.24005016247658353
J3,0.014010387,103.07314085653518,120.3687049726689,0.17030221013210922
J3,0.02101561,0.1859971667743572,11.858851226950382,64.38017604501972
J3,0.028020897,0.035353193437455126,3.197090207508776,90.5561482234232
J3,0.035026362,0.033521605082204926,0.8784124354957743,25.603227866801426
J3,0.042032102,0.03811494796292492,0.20434776775419836,6.031069426490938
J3,0.049038173,0.04327009414217776,0.09873025985571014,1.424802693731149
J3,0.056044637,0.04841834518303121,0.036893129605409615,0.34080062403552897
J3,0.063051578,0.05342334384741463,0.05702250336802525,0.08306410788541015
J3,0.070059139,0.058247862146749235,0.057300243138390626,0.02044606084446918
J3,0.077067316,0.0628563937860636,0.06317197603654948,0.006164495938577563
J3,0.08407617,0.0672312764381415,0.06711905477804186,0.002275930776363672
J3,0.091085765,0.07139251446150426,0.0714788182615565,0.001736363780148803
J3,0.098096261,0.07536088916342536,0.07537409270108966,0.001055426906678424
J3,0.10510766,0.07914408991623548,0.07912086365674188,0.001056626857958185
J3,0.11211999,0.08276847678370423,0.08280232567430518,0.0010505316104353637
J3,0.1191333,0.08626999186959643,0.08630735305379637,0.001033713918457172
J3,0.1261477,0.08969805006463026,0.08969182639163759,0.0008999291531577031
J3,0.13316331,0.09309494752064049,0.09306848755888775,0.0009509085479964985
J3,0.14018006,0.09654510804056594,0.09664762339833952,0.0014819193581748942
J3,0.14719801,0.10009705294601912,0.09998640016907834,0.001515973368903291
J3,0.1542172,0.1038304191054872,0.1039656148789259,0.0017173823629937732
J3,0.16123788,0.10782690414420099,0.1077416741720286,0.0011912475232115293
J3,0.1682599,0.1121458256613112,0.11218899771260486,0.0009199831607437926
J3,0.1752833,0.11684813859307071,0.11693631095243927,0.0011991734911975796
J3,0.18230813,0.12189875036845284,0.1217577007758996,0.0015631082011198544
J3,0.18933457,0.127248901966198,0.12737967628701238,0.0014795067836688848
J3,0.19636261,0.13282977347356373,0.13284677932190114,0.0007199486756691162
J3,0.20339219,0.13859429956175515,0.13853596909558044,0.0008993461271046242
J3,0.21042336,0.14450670012537295,0.144596084238394,0.0010967819009582973
J3,0.2174562,0.1505228437126553,0.15047762589528713,0.0008357378673423478
J3,0.22449087,0.15650713022982496,0.1566606956134839,0.001537653744858469
J3,0.23152719,0.16235902350895107,0.16227100128241848,0.0011346731535851978
J3,0.23856519,0.16807462515121024,0.16814361323746696,0.0008522785277505413
J3,0.24560487,0.1736284155148418,0.17370799021883543,0.0009258486712014029
J3,0.2526465,0.17899145470515082,0.1789870553752723,0.0006765237342108325
J3,0.25968982,0.18407863432687369,0.18413896997123042,0.000785825017119265
J3,0.26673481,0.18883308552769834,0.18876250747652254,0.001204294385964225
J3,0.27378146,0.19334951931268018,0.19352117822994774,0.001923231241759848
J3,0.28082991,0.19761864636872384,0.19760169122664994,0.0006850128697438628
J3,0.28788002,0.20156647194540558,0.2015356538359955,0.0012877174265624857
J3,0.29493168,0.20508361221271382,0.20520292266579887,0.0015651380395741265
J3,0.30198481,0.2082078644916722,0.2082498534840871,0.0006963143512762095
J3,0.30903945,0.21078444734047777,0.2108295530312301,0.000728101973384295
J3,0.31609553,0.2125301560144465,0.2125539971075366,0.0007636316645823411
J3,0.32315282,0.21321800277954236,0.21339332743980866,0.002163961853864576
J3,0.33021123,0.2127374955226088,0.21272714982117202,0.00162370365347169
J3,0.33727064,0.21066568641854524,0.210846780979907,0.0019432924430915612
J3,0.34433099,0.20674768374695582,0.20682573377571545,0.001177108635424558
J3,0.35139198,0.20099377607786306,0.2011191661928481,0.0023984218662287345
J3,0.35845345,0.19338253597197708,0.1935854464752399,0.002242456752308967
J3,0.3655152,0.1843790098937206,0.18441313894810166,0.003242035349237725
J3,0.37257699,0.17520745373480176,0.17541085409979387,0.0019328913307732189
J3,0.37963853,0.16792696954085568,0.16805359186214996,0.0018955603857325268
J3,0.38669957,0.1660443991478906,0.16600429820278395,0.0022598797681142513
J3,0.39375982,0.17388481793585606,0.17359660404998714,0.0033594589492650156
J3,0.40081879,0.19510073048047744,0.19530438113794113,0.0028471956361873565
J3,0.40787617,0.23123010880687161,0.23079204281489366,0.002495464311645037
J3,0.41493163,0.2818793869999492,0.2815361457679018,0.0017275468626693892
J3,0.42198478,0.34609582830426994,0.3460396950404719,0.0013884998794429424
J3,0.4290349,0.4231768469993431,0.4224621971085819,0.0018808789434810287
J3,0.43608145,0.5129260502703235,0.5127980993891242,0.001136947016607875
J3,0.44312412,0.6154894274383589,0.6148401354156623,0.0011687048182622171
J3,0.45016237,0.7311458976072819,0.7307125236016396,0.0007356706776009598
J3,0.4571954,0.8605803516803292,0.8600365403197529,0.0006929930619260999
J3,0.46422199,1.0043615805876547,1.0039030581491317,0.0005361979491570406
J3,0.47124206,1.1631092676449344,1.1626747331484764,0.0005005075844391228
J3,0.4782549,1.338216669685979,1.3373807218207174,0.0006637670557861658
J3,0.48525973,1.530295692420836,1.5299048575082885,0.00037652431979656866
J3,0.49225438,1.7402757418835506,1.739539761087766,0.00044936392344897407
J3,0.49923888,1.9691934223064378,1.9685272423682265,0.0003718247245137748
J3,0.50621244,2.2177297459847245,2.217421445831934,0.00024290605974483387
J3,0.51317402,2.4876441022330575,2.4865447105839458,0.00048588960177850494
J3,0.5201217,2.7833875444762164,2.782622546934893,0.00030909616563372627
J3,0.5270536,3.115478006491782,3.1134732021789393,0.0006649929034114318
J3,0.53396966,3.5051530479451265,3.5020415867341987,0.0009044578597418916
J3,0.54086852,3.9821293982028623,3.9780991195365396,0.001018005553076844
J3,0.54774867,4.565652779416402,4.56270438331181,0.0006581620089085558
J3,0.55460628,5.210185389635502,5.21562151965598,0.0010444829627165371
J3,0.56144032,5.714180749203495,5.735947516264154,0.0038220291945847006
J3,0.56824965,5.771211242603696,5.79724520022767,0.004520787039859318
J3,0.57503184,5.445559480226222,5.417358396379254,0.005184041026452949
J3,0.58178397,6.017424840012273,5.884017986667189,0.02219018014707966
J3,0.58849915,9.138386342647502,9.08368416424116,0.006019458458578356
J3,0.5951722,12.0946812853213,12.513984852613088,0.03470532753603323
J3,0.60179608,7.560654479358111,7.807112402331764,0.032846293912439935
J3,0.60835445,3.1963140220154416,1.8446245613033283,0.45740112039774894
J3,0.61481121,20.417828837419943,20.78819060362183,0.01817338052854583
J3,0.62103683,24.073322942295,26.91642488858224,0.1181652253946904
J3,0.62643997,29.849315283455383,38.4567160450249,0.2883861751955511
J3,0.62948032,82.35369451762422,89.68080907596712,0.08897251097657881
J3,0.6306865,100.45306245190476,101.49528702119798,0.010383255076149301
J3,0.63157464,95.92272690125067,96.02466943343944,0.0011222706450187416
J3,0.63351676,89.54402982207863,96.88319904461056,0.08199142640501304
J3,0.63796138,20.18777209411179,24.080136178454843,0.19281576182169097
J3,0.64381166,27.5385732404948,34.473629779892995,0.251875987680289
J3,0.64996413,14.358402024840126,20.466426035381556,0.4256032821289283
J3,0.65618789,3.3048282055826212,5.97158989209665,0.8108709855230386
J3,0.6624135,2.55846275018662,2.619985504028657,0.029633581694879643
J3,0.66861264,4.92619565677551,6.248413366347184,0.26959369420316726
J3,0.67477459,3.143583322608248,4.524008321332051,0.44464239888137713
J3,0.680894,2.174189097800144,3.1105545052610837,0.4426057659716005
J3,0.68696714,0.7053508096015515,1.1124310261357118,0.7194791706684889
J3,0.69299141,0.615490417569393,0.7605430731787409,0.3305351463844002
J3,0.69896491,0.5251625510443141,0.5001966264189878,0.10022938430561114
J3,0.70488615,0.5122044839690423,0.5115292289309264,0.0045326667318077735
J3,0.71075396,0.575360189734191,0.5838538541316861,0.021256086034327003
J3,0.71656739,0.523482676325815,0.5217376499462434,0.013649955193576237
J3,0.72232564,0.4752670127362582,0.4747381468898778,0.007222780662278479
J3,0.72802803,0.456140615693135,0.45467912221133966,0.006507897504505895
J3,0.73367398,0.46043660001027326,0.46080772874653864,0.0018152573198389208
J3,0.73926295,0.4613797306476374,0.46286574434152367,0.005367524836490472
J3,0.74479438,0.44075829138655154,0.44065823001634713,0.0006082280087866686
J3,0.75026761,0.41615234403436757,0.41554301880430894,0.0027284042283837124
J3,0.75568176,0.40353656862182236,0.4033226319204639,0.0017734778551294868
J3,0.76103544,0.3994510544670508,0.39923231452351204,0.001637111463647384
J3,0.76632633,0.39467223114482003,0.3952010198191578,0.0029353601150655002
J3,0.77155014,0.38669802009265647,0.3865800912243917,0.0013825333505381543
J3,0.77669841,0.37931867957080795,0.3790467297320554,0.0012037423625875976
J3,0.78175246,0.3751163174493348,0.37511360741188104,0.0008125733116649031
J3,0.78666423,0.37429047767881835,0.37422485025223917,0.001539146022331697
J3,0.79127117,0.37691254747725034,0.3773723539372235,0.002471899965798267
J3,0.79496691,0.3813000934634326,0.38137857210206866,0.004550131850677368
J3,0.79675128,0.38152905014383653,0.38196836314797417,0.007278365248687849
J3,0.79754065,0.3813672117986886,0.38582537139525336,0.020366167446266997
J3,0.79810794,0.3820505867149517,0.3797757307599661,0.018524149409378958
J3,0.79881569,0.37919887330927043,0.37997382212031455,0.017570239998956044
J3,0.80055556,0.3770812723916469,0.37629711243712827,0.006885270132551647
J3,0.80406114,0.3776063959894059,0.37808216683192775,0.004258116677562572
J3,0.80842073,0.39194182387462395,0.3872634834446071,0.020891000433221323
J3,0.81302416,0.45329319691161113,0.46113704453057175,0.030734178851643396
J3,0.81768384,0.3906581760118953,0.39980269251092876,0.03800311167897713
J3,0.82233974,0.3647753528110239,0.35375089453063824,0.22361439433433813
J3,0.82696847,0.8483021554965962,0.9582095342876208,0.1370047285796915
J3,0.83154794,0.3568838225600604,0.3256826318606315,0.0986016201420417
J3,0.83607865,0.5076797139370476,0.7134643333778918,0.5876672999689035
J3,0.84055351,2.280990359757289,2.8161890646039645,0.24630585444050065
J3,0.84496123,1.8929252062385988,2.287133152023176,0.21125624217924394
J3,0.84928162,0.5703072789384767,0.29030637727745395,1.1248972061732938
J3,0.85344984,9.082860221387653,10.337504548346818,0.14419407191304842
J3,0.85722671,3.168222868638558,3.7928018198120474,0.3240058662993331
J3,0.86003193,12.704238569643538,15.058138726097148,0.20933242562548898
J3,0.8611646,17.40246841103513,17.45920458395858,0.09391368938596692
J3,0.86171739,22.313851250055528,23.362579257071054,0.07287550387545194
J3,0.86213782,22.022038623884516,21.281950446815788,0.057011026147575875
J3,0.8626873,30.46118979989701,30.137724952404188,0.01789513007338995
J3,0.8636786,25.441523461774075,28.609540604579585,0.12485886742767173
J3,0.86606065,6.135053352303173,6.989636621449328,0.1897351663804118
J3,0.86953357,7.550880438835787,8.329641161514884,0.11026933457566752
J3,0.8733977,4.224337923325558,4.37577542383799,0.06884284551176907
J3,0.87736975,1.8498966798374705,2.1710459134545688,0.24018814521867196
J3,0.88132956,1.3128420109587913,1.3783639603974482,0.08569437583065247
J3,0.88524283,1.0370311128428864,1.1040296138614798,0.1333004872352009
J3,0.88907845,0.7783127399814813,0.8040036486077198,0.06582841709951005
J3,0.89276962,0.47707257666222563,0.48685363803319226,0.09523839100681693
J3,0.89600392,0.35633656275082803,0.3515174795246856,0.08677793920387179
J3,0.89816257,0.3692348617680483,0.3785143014666263,0.04358572544164124
J3,0.89904339,0.4274839837472085,0.42809228174751635,0.028500984934717456
J3,0.89949853,0.4242416513321533,0.4384605008631209,0.04828013403503793
J3,0.89986159,0.4137111525588773,0.4123588593809687,0.05870123265905602
J3,0.90025468,0.4953475951945853,0.49312905839770005,0.05479802998936159
J3,0.90090921,0.4931985343765657,0.4935735035923144,0.014746790446953971
J3,0.90236991,0.6794755417884701,0.5604647816031603,0.25589836452384657
J3,0.90517973,1.6891097837168831,1.7793479288343692,0.07224879650579788
J3,0.90846437,0.6211262412560489,0.887274803085002,0.5622147668917677
J3,0.91191191,2.3207961000093973,3.1574081681397117,0.41734690671444125
J3,0.91534523,6.041275147581875,7.0763594355853625,0.1862715367857432
J3,0.91857647,6.42724337329452,7.261021806986581,0.14700611397150193
J3,0.92136788,6.819033351541826,7.555689149184213,0.16455266206026
J3,0.92322111,10.372930941990859,11.971728898999245,0.39025040735608224
J3,0.9239467,20.104730442858493,20.599108162608033,0.02741387097380056
J3,0.92434075,12.412005698324199,12.211125334355245,0.1354572345118162
J3,0.92462161,12.380202521842774,12.832703687209754,0.10675428700037601
J3,0.92497209,15.502746391216014,14.965551088227572,0.055101410917304694
J3,0.92542052,26.846985089199134,27.50750097904761,0.02469681026594504
J3,0.92645984,10.538217786728206,12.353789255128074,0.17407849664098554
J3,0.92864291,8.515118054580103,10.043426471667226,0.182815401431338
J3,0.9314703,4.81089309038258,5.380578605049524,0.24318434063325647
J3,0.93442377,2.4618455111099045,2.4364349252784225,0.16131662111784154
J3,0.93733546,0.6593031891547081,0.8243957960940697,0.40305320226503855
J3,0.93962127,1.148902915007366,1.2579734425030027,0.14715396023148278
J3,0.94089531,1.3790865496269904,1.3676337163998173,0.00980434325310614
J3,0.94142977,1.2007736513114755,1.1828450404540642,0.024890589048647604
J3,0.94174327,1.0370407736837228,1.035936746012327,0.032675048220104655
J3,0.94200254,0.947840726196305,0.9303010334913654,0.03096566126515175
J3,0.94227357,0.9046754226167928,0.9270394351090696,0.04533725967424038
J3,0.94276707,0.7918663586480641,0.7970604014099347,0.06770405952695314
J3,0.94359242,0.8207936972923461,0.8445948017635397,0.06571050253850166
J3,0.94535834,1.0148800718035644,0.8226407177197044,0.3412557458513018
J3,0.94778648,3.6774068773276745,3.9380101563989482,0.13771044808743893
J3,0.95023635,2.8818545625751444,3.743454899444419,0.36751546404039714
J3,0.95241724,5.143026077007712,5.849188755679807,0.15908272695509737
J3,0.95360304,7.092680738670668,6.903979202811839,0.16136592019127827
J3,0.95416144,15.128629121186686,15.944240810851284,0.05912239658535461
J3,0.95443227,7.326436505233653,7.42705803930397,0.052853108332886506
J3,0.95468344,16.659556183740367,17.469241192932678,0.05335511005363819
J3,0.95490712,20.383774743927713,19.301025423339375,0.05692420963553595
J3,0.95522787,27.38203052577717,29.375161407504045,0.0742541203606814
J3,0.95575293,7.397688436272893,9.243598552625881,0.30357781194912864
J3,0.95680623,3.868216948638172,3.568011219989283,0.2985267915094142
J3,0.9587177,7.7593867654790465,8.44310195886651,0.08851262085022195
J3,0.96074542,3.4213622613931407,3.190671643605335,0.10994721254324843
J3,0.96257508,1.9975714316712478,2.116542437148155,0.17733237184331968
J3,0.96349236,2.3311026778732633,2.3177312062089848,0.020313604067367437
J3,0.96394579,1.787410730296109,1.7007137305632318,0.05514138245945239
J3,0.96419045,1.2185429036348816,1.2122861161238496,0.03245465546415509
J3,0.96440991,0.8789664628811663,0.8685837164380344,0.06283201667419636
J3,0.96460676,0.8508063436480405,0.8577117790245004,0.12541994793735986
J3,0.96487301,1.4024607433203256,1.336335556378331,0.07612439342830721
J3,0.96524473,2.5174817368420794,2.221128099212754,0.13085524591027636
J3,0.96613701,3.276942831486394,3.682868769298259,0.1780129471155034
J3,0.96753899,1.7623595266876186,2.500928198739041,0.6940772851174672
J3,0.9692499,2.8529264743499283,4.163929532206223,0.48145594800990293
J3,0.97055256,12.2293346284588,13.822334585054179,0.13170121946576838
J3,0.97122544,3.9540858203484315,3.3493516504013137,0.5687843121755515
J3,0.97157166,5.800573050214694,6.417649341911751,0.12810822956207896
J3,0.97181075,17.999303693716836,20.178339700591863,0.1230620987700566
J3,0.97198352,30.526158995248668,30.593121665575246,0.005707410643394105
J3,0.97216826,35.74369226785219,35.89997890956749,0.006663405101404179
J3,0.97239048,31.42646370369205,34.63662857729486,0.10253697146003819
J3,0.97282473,7.256358813130977,7.105166820714311,0.02778497387558878
J3,0.97341502,1.7429329402274052,1.9940767137566584,0.4273268486458786
J3,0.9745911,4.9686928440115405,5.706568826364795,0.15045811390023955
J3,0.97589392,2.2127648486116844,2.004437027140209,0.2670187257847156
J3,0.97681545,2.1986702425639684,2.3533226663529763,0.11242211373356653
J3,0.97740737,3.290165408692943,3.440251084198873,0.06319582544494551
J3,0.97770143,3.808075017441952,3.8492716932348725,0.022667589652138886
J3,0.97789544,4.058200588759839,4.080587865676309,0.08030498272611995
J3,0.978054,4.163958375282324,4.180841617925047,0.08364687160810245
J3,0.97823017,4.069625575509067,4.084608305511871,0.012991641037513173
J3,0.97842127,3.7262292139312456,3.7844574737411523,0.023454968732407183
J3,0.97872145,2.980198920988721,3.154785404512991,0.06019037716546641
J3,0.97922491,0.9395356728922073,1.2914793911217417,0.5340917756155732
J3,0.98009928,4.305912323585383,4.064597757137334,0.06261635524951108
J3,0.98110842,6.509731957714931,6.976285865686214,0.07267525434818918
J3,0.98185153,6.899264650299159,9.43113084385,0.37181481571564
J3,0.98224474,22.395583693552776,23.818377473081735,0.06363809171861168
J3,0.98254539,9.684704483362163,7.662495894650168,0.21389426470450168
J3,0.98273162,22.763575503046635,25.090262034335055,0.10251109321335058
J3,0.98287368,40.340637561440076,40.72152622143381,0.009534587142217419
J3,0.98302561,43.181790351815586,44.1556179159999,0.02258993128758524
J3,0.98320914,29.522997060773,30.889323339184283,0.0463293663272594
J3,0.98344078,8.472070271467445,9.164604008164666,0.08259678440477783
J3,0.98382677,5.321507405593469,5.199134480684046,0.02687338385960664
J3,0.98445126,5.524329929134784,5.808559885225775,0.052037982887014715
J3,0.98522658,2.57214163504999,2.321441644136865,0.10236847786685208
J3,0.98584839,1.163859884370006,1.0981732163624958,0.09834353256302726
J3,0.98623456,0.9093471595643486,0.8905879890576414,0.060160580585768925
J3,0.98646546,0.7831964281172622,0.7806457111603633,0.08031586576901528
J3,0.98665138,0.7496528957311014,0.7688108297631241,0.09326815403421669
J3,0.98677796,0.7001574410385868,0.9290640062983859,0.6540504013331241
J3,0.98690454,0.6827595132510511,0.7944256194674043,0.9085161888418981
J3,0.98705588,0.6845155370016737,0.8189510786281705,0.5117231196553084
J3,0.98722558,0.6967593332584678,0.7020376935603654,0.12726714487610338
J3,0.98748862,0.7181217607458217,0.7119800286307782,0.041422420495767484
J3,0.98788301,0.7727274837664776,0.7883520905284636,0.05567719204591173
J3,0.9884207,1.0006343544676344,0.8924007640427178,0.19247040446205466
J3,0.98895169,2.4054148406284184,2.679934992518943,0.11991616933919348
J3,0.9893318,0.7906666121144693,0.8019504645250554,0.3969852893024461
J3,0.98960588,2.75209166429484,3.5860220078864393,0.3112500157963961
J3,0.98974919,19.16946298158223,18.44946240924224,0.037697582583041844
J3,0.98989251,45.84183102232054,46.5246149359225,0.015933549628373348
J3,0.99002755,64.28534949812504,65.81411659913407,0.024318959769073507
J3,0.99014691,56.27717333935837,57.29025393859219,0.018096652195759823
J3,0.99026956,27.909455668341824,30.370726435812283,0.08891634257820846
J3,0.99044997,2.395272603464977,2.2718106885543214,0.06742001870667319
J3,0.99068467,3.8289329835964696,4.015645860468658,0.054628653604355405
J3,0.991012,1.7305407529288948,1.92172136312317,0.15659650745190742
J3,0.99140612,1.341616923374463,1.7476765522804472,0.3746804641437414
J3,0.99176111,2.308066268507631,2.8005419327158556,0.22443951633413942
J3,0.99202007,0.7541913171048925,0.8264383823979204,0.45336569847289493
J3,0.99220604,0.7949058127158569,0.7992040791887902,0.07091845132755735
J3,0.99234462,0.6898143341561134,0.7297042031009936,0.3094589896545538
J3,0.99246494,0.625118296430889,0.6903705453382901,0.37682847828724475
J3,0.99256788,0.5984323813970551,0.5305376363676844,0.22827811285459296
J3,0.99267649,0.5858410111028124,0.6976161282666584,0.3733767773813901
J3,0.99279388,0.5767567816685639,0.521070672595263,0.4362537436658283
J3,0.99294354,0.618230947092125,0.7424496053741305,0.4194145886623427
J3,0.99313317,0.8615040295513485,0.8327071195495448,0.2720056358666874
J3,0.99337436,0.7822016879684571,0.9333420332273384,0.25946298500169535
J3,0.99364303,1.2384873240777734,1.3918436717265,0.14750895732552327
J3,0.99388438,1.028650050290169,0.9788410579111906,0.09613869075690926
J3,0.99407356,1.2543244125264696,1.247041867878918,0.19256299734136062
J3,0.99422074,3.5310903514647674,3.8056050809214432,0.1961506481883859
J3,0.99433707,0.6523732368113272,1.0004154323085093,0.8786439961157916
J3,0.99443704,7.2877881751987275,7.62942488767652,0.062057553256939534
J3,0.99452969,9.99569056506108,10.605327225133442,0.09498520108357392
J3,0.99462797,1.9528890659630296,1.0203705313399314,0.7873912466078825
J3,0.99472997,44.13801768654809,39.11524318466555,0.11399027020285367
J3,0.99485645,109.44903467119845,112.8186218746417,0.031132081184608303
J3,0.99500381,86.95131919253234,96.86369433688715,0.11416505207732316
J3,0.99518488,13.358045052332006,23.233974488874537,0.7399138783493433
J3,0.99538209,8.739519100498079,13.941684428261432,0.5981460737032488
J3,0.99556946,0.6422709637656804,1.9008161849223921,2.1508766719222434
J3,0.995726,14.646252104156323,16.26096392691713,0.11122409282299697
J3,0.99584976,0.4780225339662263,1.491790035197295,2.7431190014897227
J3,0.99595117,8.677093116438536,9.103810105863214,0.05400083261919072
J3,0.99604385,7.2617037804163695,7.344020163877919,0.03650992213342446
J3,0.99612522,2.4921776882525695,2.8489774674291417,0.596729263589613
J3,0.99620779,1.261697795287697,2.24023099565654,1.6353895456278318
J3,0.99629274,2.697325098239216,3.304063230671664,0.567874528750283
J3,0.99638692,2.412292210279183,2.5167755188468792,0.35205288546496744
J3,0.99648974,1.4608741155076135,1.6984101913524172,0.44266453458193983
J3,0.99661006,0.6993090266185806,0.7847702836427307,0.6815622923069539
J3,0.99673657,0.4516503103334213,0.3955913267055354,0.17241092236779537
J3,0.99685966,0.4680974555835017,0.8822877148326415,1.308085097113841
J3,0.9969728,0.46262840983303277,1.0010760002100891,2.211809547556368
J3,0.99707287,0.4540558077934095,1.303352655763834,2.4462881274505377
J3,0.99715689,0.45286133567767906,0.7663585703540864,1.7898564531463896
J3,0.99723739,0.5323228473583171,0.577177142739611,0.23507060932470206
J3,0.99731028,0.9592481761796327,0.9452884085330815,0.14447181050338406
J3,0.99738262,1.4397964228127618,2.0066481926225945,0.749446666809928
J3,0.99746048,1.6495711402208602,1.9841728435837385,0.8801550776087579
J3,0.99754073,1.2058997871149246,1.5571399405350463,0.5758008820057472
J3,0.99763264,0.6446326986030538,0.6414207079285924,0.48882184953840807
J3,0.99773626,0.8135288811487803,0.7624418924718006,0.12532765849097105
J3,0.99784884,1.650347871219271,1.9477797178107252,0.2681417750860522
J3,0.99796307,1.5551709181815487,1.5974868572084353,0.40447154819538483
J3,0.99807114,7.496649222514647,7.992608074802521,0.081105979333105
J3,0.99816848,4.329499365063498,4.686164652092533,0.14730776051856292
J3,0.99825488,6.888485728999442,7.782126292831746,0.13354707064693136
J3,0.99832873,8.532265091060173,8.648628543545332,0.06313923570929202
J3,0.99839628,2.037854118056651,2.351059607171715,0.16603252684426237
J3,0.99846025,10.352691776668891,10.808374922272877,0.06856636126069461
J3,0.99852017,20.932445150260563,20.75555453991166,0.043382586779517285
J3,0.99858033,29.26109545650631,30.484073217141372,0.04398810060719404
J3,0.99864098,11.456470965979536,13.669567409259074,0.20968816765889117
J3,0.99870348,49.7804290144003,47.813035533579644,0.04989605088181128
J3,0.99876706,133.1814377651895,135.37391060629741,0.017174593246098102
J3,0.99883182,173.8302923776539,177.37920634918748,0.022068986466551418
J3,0.99889551,140.89303998924197,143.06990782152644,0.020810548298429137
J3,0.99895776,54.54942630239614,53.35938166580129,0.033399445863644996
J3,0.99901624,29.9175649119367,32.891613662836185,0.10485230038908741
J3,0.99907364,61.09169796507717,63.678877790455935,0.04348981332084376
J3,0.99912735,36.706881314622244,37.66890275817253,0.04648330899283541
J3,0.99918101,7.554144757255779,9.064378396177581,0.3658713590311479
J3,0.9992346,31.681420895705102,33.459401632660516,0.10609117620917895
J3,0.99928869,21.85917723453365,22.869507944955163,0.12422118177959011
J3,0.99934554,2.7828191708125036,3.2522899685889963,0.22775342227306775
J3,0.99940363,15.848894412437838,17.39228223464331,0.21436562638268167
J3,0.99946408,7.121933180673288,8.372681139882353,0.5693377473216766
J3,0.99952497,7.946572036675996,8.926088193753609,0.4271300327313904
J3,0.9995861,14.38395794998509,14.94142809523798,0.1325740384805606
J3,0.99964474,11.820406899954618,12.139327299635141,0.046332513755676145
J3,0.99970274,2.710591415678728,2.672153013672573,0.14294852539068245
J3,0.99975864,6.222966145676664,6.597089295834184,0.23335406462244646
J3,0.99981509,9.706587682421068,10.04451310031248,0.1746485240930657
J3,0.9998725,8.339330023205259,8.936251015080307,0.1001576170766822
J3,0.99993451,3.4739217922050707,2.801851868204615,0.2892834005326444
