psi_n,dT_dpsi_native_N_m,two_n_delta_W_native,T_cumulative_native_N_m,two_n_delta_W_cumulative_native,dV_dpsi_n_native
0.0493156744,-56.1843123,51442.8943,-0.00144794753,1.3202936,574.063367
0.0493261348,-56.0362854,51450.9843,-0.00203484603,1.85845672,574.064168
0.0494307395,-54.7967667,51507.4702,-0.00783161692,7.24343688,574.072147
0.0498753158,-49.7997339,51712.1664,-0.0310631185,30.1903308,574.105533
0.050553835,-43.0789336,51910.3398,-0.0625150712,65.3526091,574.154877
0.0516131591,-34.4264577,51987.2256,-0.103383265,120.406338,574.228138
0.0532001502,-24.7169779,51696.0209,-0.149864691,202.734103,574.329708
0.0549299444,-17.345102,50988.3319,-0.185851245,291.591999,574.430475
0.0567311402,-12.0791508,49975.1559,-0.212053035,382.552027,574.526329
0.0585323359,-8.47525294,48791.0849,-0.230362971,471.519473,574.614953
0.0603335317,-6.0099176,47514.9439,-0.243267806,558.26134,574.697797
0.0621347275,-4.33770572,46202.4147,-0.252489237,642.665058,574.775945
0.0639359233,-3.21866093,44891.8503,-0.259226041,724.701708,574.850455
0.0659382148,-2.42483121,43473.7521,-0.264810357,813.158891,574.93004
0.0679405063,-1.95881275,42126.8653,-0.26915527,898.843486,575.007191
0.0699427978,-1.7098408,40870.1365,-0.272799448,981.919594,575.082896
0.0719450893,-1.59672673,39707.9,-0.276093146,1062.57441,575.15799
0.0739473808,-1.58122885,38633.8649,-0.279258825,1140.99204,575.233259
0.0746566615,-1.58284867,38273.5738,-0.280382092,1168.26588,575.260107
0.074782212,-1.5829324,38210.8639,-0.280580792,1173.06721,575.264872
0.0754154687,-1.59480922,37898.8571,-0.281586561,1197.16531,575.288964
0.0766936296,-1.63065359,37292.9368,-0.28364697,1245.21546,575.337887
0.0781868797,-1.68391447,36625.7437,-0.286120133,1300.39959,575.395543
0.0797876743,-1.75023643,35959.2679,-0.288868169,1358.48964,575.457948
0.0823978785,-1.85843298,34980.2473,-0.293579553,1451.04416,575.561262
0.0852480816,-1.96247914,34051.9176,-0.299029409,1549.38949,575.678063
0.0885782827,-2.05723761,33124.1668,-0.305731149,1661.20173,575.822738
0.0923442044,-2.13431119,32237.5183,-0.313631673,1784.22783,575.993927
0.0969815671,-2.20071353,31322.454,-0.323693113,1931.5384,576.203877
0.10161893,-2.23229865,30576.0149,-0.333988867,2074.99565,576.401497
0.106256293,-2.21040577,29984.2998,-0.344314404,2215.36172,576.57763
0.109377124,-2.20463208,29660.2565,-0.351188023,2308.4179,576.68138
0.109523404,-2.19900261,29646.5442,-0.351510271,2312.75561,576.685989
0.110174619,-2.17253032,29586.8213,-0.352930556,2332.04239,576.706299
0.111670283,-2.16422371,29456.5604,-0.356177085,2376.19543,576.751886
0.113618075,-2.14009215,29303.814,-0.360367656,2433.41897,576.80993
0.115863515,-2.11594616,29150.5936,-0.36514646,2499.04226,576.876706
0.119031409,-2.07756223,28976.7015,-0.371790106,2591.09969,576.974259
0.12266053,-2.020858,28838.912,-0.379232867,2695.9897,577.096859
0.127250527,-1.92662542,28739.9429,-0.388300076,2828.10736,577.280441
0.131840525,-1.82050414,28688.6614,-0.396901088,2959.89519,577.510991
0.138226729,-1.66810564,28662.4194,-0.408043007,3142.99584,577.914995
0.144612933,-1.5197068,28677.2734,-0.418215329,3326.0708,578.39717
0.150999138,-1.38240192,28715.6108,-0.427476939,3509.32368,578.942591
0.155305897,-1.30230504,28747.4961,-0.433251489,3633.06309,579.342124
0.156071538,-1.28556469,28753.3545,-0.434242707,3655.07557,579.41569
0.158070623,-1.24000282,28768.826,-0.436764129,3712.57144,579.611291
0.160707304,-1.1898754,28789.5233,-0.439968358,3788.45282,579.876927
0.163694618,-1.13401938,28813.8687,-0.443437939,3874.49225,580.188133
0.168294681,-1.05975441,28853.0552,-0.44847829,4007.12735,580.687584
0.173237785,-0.995045704,28895.5858,-0.453550632,4149.85651,581.249285
0.178866969,-0.933930453,28943.4,-0.458976159,4312.64971,581.918008
0.185401,-0.872475121,28999.2207,-0.464872445,4501.94875,582.73349
0.193744727,-0.813690796,29058.9128,-0.471888108,4744.17616,583.863147
0.202088454,-0.751229976,29099.7596,-0.478440647,4986.8156,585.119211
0.210432181,-0.671594526,29158.3996,-0.484376457,5229.82655,586.528721
0.217201304,-0.653566848,29242.3144,-0.48880901,5427.46882,587.831144
0.217972108,-0.649975682,29253.6436,-0.489312277,5450.01329,587.9907
0.219652099,-0.641897415,29278.2235,-0.49039334,5499.17977,588.347361
0.223012081,-0.654844411,29328.1471,-0.492571974,5597.63762,589.096746
0.226782573,-0.674027354,29385.6708,-0.495074149,5708.32707,589.990129
0.231469927,-0.701109536,29460.2878,-0.498299252,5846.2414,591.168608
0.237580493,-0.726569204,29563.0251,-0.502667457,6026.57146,592.807499
0.244699584,-0.742061738,29686.3616,-0.507903455,6237.47192,594.853701
0.252322937,-0.728334511,29808.2219,-0.513537087,6464.25951,597.179631
0.26230938,-0.663106373,29951.237,-0.520513803,6762.65625,600.394582
0.273477367,-0.566714912,30105.1335,-0.52738856,7098.01619,604.188333
0.284645354,-0.470374162,30264.8806,-0.533172121,7435.10551,608.180775
0.295181917,-0.394346407,30411.5984,-0.537708316,7754.78794,612.126381
0.301413683,-0.365283808,30480.0672,-0.540065502,7944.53069,614.529825
0.302955574,-0.357492714,30493.6986,-0.540623474,7991.5383,615.130815
0.305655805,-0.343423889,30514.186,-0.541567683,8073.90705,616.188442
0.309706152,-0.329034399,30535.6122,-0.542929741,8197.54735,617.786385
0.314430225,-0.31321662,30544.3618,-0.544445711,8341.82798,619.666089
0.320732942,-0.297273856,30528.3228,-0.546366034,8534.30569,622.192404
0.327824981,-0.28606861,30490.2167,-0.548431114,8750.68237,625.028618
0.336522384,-0.279664838,30356.6492,-0.550885893,9015.40747,628.436101
0.345219787,-0.271986658,30009.4398,-0.553292135,9278.11102,631.700877
0.357776494,-0.280885447,29441.0057,-0.556706276,9651.1076,636.177368
0.3703332,-0.29101907,29162.5552,-0.560351296,10018.6889,640.839883
0.382889907,-0.369465872,28748.895,-0.564300687,10382.913,646.25635
0.395446613,-0.478784999,27783.1057,-0.569759063,10738.3608,652.439104
0.403867041,-0.729954853,26791.093,-0.574538805,10968.3793,656.935131
0.405683533,-0.753338983,26521.7891,-0.575909719,11016.8056,657.935461
0.408872207,-0.771454045,25970.5159,-0.578279853,11100.522,659.714207
0.413655219,-1.00765656,24927.5547,-0.582505001,11222.3589,662.432029
0.419237598,-1.22396908,23286.7064,-0.588829453,11357.173,665.670229
0.426698478,-2.1639848,20084.1082,-0.600487916,11519.7938,670.088025
0.435098609,-2.49063506,14622.5761,-0.622304423,11667.1119,675.149088
0.445572981,-11.673274,2517.57101,-0.677639612,11763.715,681.56353
0.456047353,-8.91263138,-22094.2612,-0.825145397,11676.1848,688.097082
0.466544425,-109.71618,-91961.2654,-1.22670993,11141.5798,694.777166
0.471975159,-543.359805,-189143.571,-2.71392324,10416.3867,698.29343
0.473140982,-729.526311,-222323.183,-3.4510036,10177.1752,699.054478
0.475084019,-995.062626,-305365.979,-5.15457139,9671.73022,700.328188
0.477415663,-1431.92592,-445073.251,-7.897607,8802.0282,701.865831
0.480814888,1582.06231,-1039354.96,-9.89442699,6489.36704,704.126626
0.48337694,11781.5709,-2295919.13,5.11882302,2442.62772,705.846241
0.485106137,69302.5823,-7258399.88,61.5897598,-4735.12785,707.014649
0.486096423,193230.371,-18455489.3,181.035718,-16443.3437,707.686659
0.486690627,794499.617,-66629377.8,426.107153,-37985.3667,708.090905
0.486756495,978282.203,-80028248.0,483.800223,-42772.8042,708.135763
0.486844318,1356846.05,-108210885.0,585.614309,-50963.331,708.195588
0.486976053,2796166.53,-194177651.0,841.661121,-70091.1965,708.285357
0.487095048,7201310.82,-427983100.0,1389.18646,-104655.695,708.366478
0.487168566,25434177.9,-1019482210.0,2416.83111,-153321.608,708.416612
0.487206199,73559253.9,-2066298870.0,4081.2712,-207907.501,708.442279
0.487228627,230542261.0,-3883056780.0,7082.30965,-271399.975,708.457577
0.487241849,494783716.0,-4303546600.0,11641.3601,-328076.583,708.466597
0.487251033,599978401.0,-1847146520.0,16902.5669,-359296.401,708.472862
0.487259558,457520752.0,1202622880.0,21549.9425,-360574.161,708.478678
0.487268084,268117023.0,2290618560.0,24570.1305,-344365.92,708.484494
0.487276609,162070698.0,2259602030.0,26358.3622,-324697.852,708.49031
0.48728881,86955198.5,1902893030.0,27814.8506,-299227.155,708.498634
0.487303308,48799449.1,1501474490.0,28763.9686,-274712.454,708.508526
0.487322401,26717706.9,1142207210.0,29455.9359,-249729.1,708.521554
0.487348609,14124790.7,839326342.0,29968.3055,-224114.598,708.539437
0.487378374,8051508.06,636909865.0,30286.971,-202393.347,708.55975
0.487425764,3911574.4,451857092.0,30555.6009,-177047.48,708.592094
0.487482412,1975266.54,332187293.0,30715.0951,-155152.531,708.630763
0.487557574,888723.072,243304312.0,30816.9062,-133850.952,708.682083
0.487661511,287528.044,176473772.0,30873.5524,-112383.617,708.753068
0.487779834,11331.7477,134553335.0,30888.9912,-94205.6713,708.833909
0.48796407,-162873.298,98541170.3,30872.6115,-73091.4164,708.959843
0.488184621,-248017.709,75981204.2,30826.2324,-54088.2843,709.110699
0.488477802,-301641.712,59950669.9,30744.6344,-34415.6858,709.311399
0.488886593,-338797.786,49183670.0,30613.158,-12405.1571,709.591561
0.489526606,-444111.224,44145821.7,30369.0561,16925.7942,710.030935
0.490098307,-679354.488,48311489.3,30056.2301,42956.0186,710.424189
0.490243562,-772692.543,50898611.4,29951.0478,50150.0991,710.524221
0.49053407,-1113034.16,59555623.6,29683.475,66070.493,710.724429
0.490900985,-2005130.85,82791842.8,29129.5822,91630.0002,710.977565
0.491228538,-6090288.06,142724130.0,27968.8144,126867.232,711.203802
0.491404689,-16614697.7,230411774.0,26165.8073,158593.943,711.325568
0.491512733,-51485684.4,274173688.0,22924.5579,186461.07,711.400289
0.491572434,-102126241.0,27278132.1,18517.6438,197971.181,711.441588
0.49161527,-122834158.0,-392269406.0,13495.9789,190591.424,711.471226
0.491650074,-99437411.6,-602571458.0,9529.03496,172232.971,711.495309
0.491684878,-64486622.3,-563024261.0,6708.41454,151546.403,711.519395
0.491723219,-39186354.1,-444238607.0,4766.52958,132245.171,711.545932
0.491768633,-23122563.7,-326649189.0,3392.9781,114903.597,711.577369
0.491828544,-12962285.3,-225969387.0,2350.29809,98609.463,711.618848
0.491895702,-7706264.9,-159532979.0,1676.86099,85858.0607,711.665354
0.491994698,-4144764.92,-104517353.0,1114.58255,73075.9467,711.733926
0.492112067,-2339512.49,-70153752.9,747.149207,63024.5475,711.815254
0.49226618,-1275756.13,-46079961.4,479.55877,54265.4038,711.922089
0.492478223,-656938.676,-29197591.2,283.702299,46484.559,712.069171
0.49271923,-358422.445,-19442413.7,165.916419,40743.5475,712.236467
0.493092801,-163282.802,-11799011.1,74.1513451,35084.6441,712.496041
0.493532113,-76921.5046,-7536347.16,24.0106033,30939.4062,712.801699
0.494102908,-32250.6835,-4762120.98,-5.14747176,27520.4148,713.199489
0.494867027,-11142.1472,-2953834.3,-20.3817054,24652.1256,713.733158
0.495727807,-3306.23385,-1937517.3,-26.0189874,22592.2768,714.335916
0.497011984,-103.259793,-1169656.2,-27.6851525,20656.4504,715.238266
0.498500449,228.277885,-737113.377,-27.4560443,19271.2536,716.288819
0.500397487,-121.889936,-453128.672,-27.3318393,18171.7595,717.634992
0.502897265,-476.097176,-264609.104,-28.1643749,17300.8552,719.421283
0.505698413,-481.097253,-156788.348,-29.581084,16726.059,721.439598
0.509882032,-225.577056,-74951.2746,-31.0729607,16262.1689,724.486154
0.514766404,-28.3756214,-29482.5007,-31.5922403,16019.4469,728.090312
0.52105228,2.86317471,-476.209953,-31.6064183,15935.7915,732.801867
0.522125819,-0.628383538,2682.95226,-31.6055647,15936.9908,733.614848
0.524560146,-3.48531907,8876.45298,-31.610846,15951.3782,735.467443
0.529428801,-4.39659738,17778.8229,-31.6328331,16017.8226,739.210907
0.534908281,-2.32457119,24287.6039,-31.6505297,16134.3077,743.485166
0.541742649,-1.30503467,29501.9248,-31.6622667,16319.5044,748.90637
0.550675968,-0.852608072,33657.962,-31.6717315,16603.2066,756.142817
0.560527519,-0.546171929,36415.2175,-31.6785155,16949.4377,764.32184
0.570838188,-0.435727095,38208.1978,-31.6833324,17334.8562,773.10754
0.584010167,-0.419497373,39549.1952,-31.6890907,17847.8916,784.647276
0.598612803,-0.291836998,40186.3059,-31.6943967,18430.9953,797.860967
0.613215438,-1.53191138,39529.5511,-31.7042714,19015.2456,811.570302
0.624417352,1.63511353,36746.3215,-31.7134071,19445.4131,822.438201
0.63297444,0.336632011,29590.8551,-31.6940004,19734.6912,830.948174
0.639070274,-105.611422,14919.3854,-31.913736,19877.3152,837.127033
0.643813533,-270.490016,-21478.8009,-32.8017702,19877.2938,842.004182
0.644190269,-265.230292,-26423.9496,-32.9038603,19868.3014,842.394184
0.6452476,-194.265783,-44575.4017,-33.1474102,19831.2755,843.490826
0.646750652,129.255463,-85059.4121,-33.2507669,19736.5007,845.055062
0.648153452,1185.60016,-154254.744,-32.4574345,19573.6822,846.520593
0.649277504,3608.27292,-260834.426,-29.9756812,19346.7372,847.698841
0.650182785,8771.40472,-428844.886,-24.718908,19042.8426,848.65032
0.650913967,19517.3607,-701723.957,-14.9519246,18640.8313,849.420476
0.651503986,41945.2003,-1161618.04,2.20186665,18107.3307,850.043031
0.651974305,88963.6019,-1961573.71,31.3236691,17396.5567,850.539979
0.652343979,188616.759,-3393573.44,79.7951496,16441.5895,850.931016
0.652629852,402170.305,-6015097.68,159.432728,15148.0416,851.233671
0.652840063,844104.917,-10632232.7,283.040495,13464.8116,851.456367
0.652992543,1719677.49,-18407913.4,468.28305,11328.2981,851.617981
0.653108739,3573644.84,-32000561.5,758.768764,8503.12386,851.741181
0.653190792,7081822.25,-52607717.4,1174.35037,5130.92098,851.828202
0.653253527,13847779.4,-82800836.8,1800.77512,976.579103,851.894749
0.653303294,26261997.1,-118582383.0,2759.3275,-3994.99489,851.947548
0.653342749,42434955.1,-131321963.0,4097.75452,-9052.60417,851.989411
0.653373998,52013514.4,-94403552.7,5600.84906,-12744.2849,852.022571
0.653402628,49136287.1,-25987825.1,7081.44305,-14494.4347,852.052954
0.653431258,38039184.5,31402644.9,8335.94497,-14337.5638,852.083339
0.653462152,26413071.1,60473589.9,9322.07198,-12841.5773,852.116129
0.653497574,17496004.5,68621501.7,10086.1282,-10507.4496,852.153728
0.653550192,10279208.9,64756402.1,10794.0239,-6963.74042,852.209587
0.653611407,6297445.24,56066300.6,11287.2729,-3269.79452,852.274583
0.65369288,3785719.08,46612933.2,11685.1947,891.707634,852.361104
0.653784482,2461840.7,39273770.2,11964.6565,4802.09231,852.458404
0.653917017,1532318.26,32674123.5,12221.5487,9529.89905,852.599224
0.654070018,1036491.06,28494865.7,12413.7272,14174.9647,852.761851
0.654317554,663263.017,25817740.5,12617.7583,20818.6827,853.025099
0.654604784,496204.47,27487500.8,12780.0822,28351.091,853.330776
0.654971402,389154.99,39174220.8,12942.7193,40187.3254,853.721274
0.655235873,493146.52,86480324.1,13051.2249,55289.3096,854.003206
0.655361377,-593266.904,187673648.0,13070.5382,71186.8206,854.137065
0.655422795,-3374087.31,453198913.0,12965.598,88969.1081,854.202587
0.655452982,-26551390.3,938053332.0,12619.5754,108643.401,854.234795
0.655467782,-103464275.0,1965502710.0,11793.7606,128499.816,854.250587
0.655475535,-430344796.0,1662827480.0,10057.2831,144099.649,854.25886
0.655480077,-681638582.0,-1589105570.0,7462.73465,146068.266,854.263707
0.65548328,-592430597.0,-3965254930.0,5314.35346,136321.443,854.267125
0.655486483,-354936361.0,-3928824330.0,3825.85034,123242.083,854.270543
0.655490047,-201645541.0,-3038526580.0,2864.48953,110864.125,854.274346
0.65549361,-125054154.0,-2331945550.0,2297.66153,101368.924,854.278148
0.655499567,-65997775.3,-1579860960.0,1754.52406,89939.7011,854.284504
0.655505523,-41243666.1,-1156919550.0,1443.33697,81894.8483,854.290861
0.655515278,-22528973.9,-767348099.0,1145.79077,72718.5513,854.30127
0.655525032,-14613794.4,-559585798.0,968.702508,66333.4331,854.31168
0.655542094,-8079566.77,-359888385.0,783.449756,58689.6266,854.32989
0.655559156,-5329352.7,-257618579.0,671.472383,53498.4103,854.3481
0.655589019,-3021893.9,-161197988.0,551.854187,47420.8229,854.379973
0.655618881,-2030748.63,-113102582.0,477.889169,43389.9386,854.411848
0.655670269,-1190280.82,-69155208.9,398.164684,38847.7562,854.466708
0.655721658,-813394.02,-47622911.6,347.614309,35898.3884,854.521575
0.65581069,-482972.198,-28211351.3,291.891522,32634.4687,854.61665
0.655899723,-328997.178,-18943509.0,256.377605,30573.908,854.711748
0.656026282,-210549.992,-11900514.7,223.076776,28673.449,854.846969
0.656171606,-140610.233,-7840525.0,198.051291,27268.8666,855.002293
0.656400343,-83327.4889,-4623930.15,173.237756,25890.3994,855.246891
0.656670786,-50829.3175,-2869132.37,155.569449,24903.6977,855.536276
0.657019524,-29697.1131,-1753875.57,141.949767,24120.1864,855.909744
0.65740741,-18027.9594,-1139659.12,132.937342,23571.5341,856.325537
0.658149993,-7806.30923,-584986.938,123.952612,22962.1545,857.122743
0.658892577,-3888.30843,-351901.907,119.783341,22623.1291,857.921539
0.659788981,-1740.98479,-205499.169,117.394204,22380.5921,858.887951
0.660685385,-815.13338,-127684.448,116.29711,22234.2142,859.856758
0.661773815,-305.558414,-72295.1311,115.727108,22128.1167,861.036381
0.662862245,-101.219988,-39334.0117,115.52121,22068.7007,862.219675
0.664252621,-11.0068247,-13278.7381,115.457519,22033.6669,863.736696
0.66628784,-1.03413142,8462.7919,115.455976,22031.0244,865.968661
0.669612746,-24.6129432,26331.7685,115.406848,22092.6224,869.64521
0.673914212,-22.6830465,36886.2583,115.292739,22231.3113,874.457949
0.678703957,-6.59466858,42568.8634,115.226855,22423.0645,879.889138
0.686190232,0.411157453,46961.9622,115.216002,22760.2045,888.524166
0.694188131,-0.329930334,49382.4153,115.213261,23146.2121,897.949852
0.703209279,0.525227988,51182.7309,115.2155,23600.2862,908.840603
0.713126719,0.224192288,52673.5557,115.219627,24115.5225,921.141244
0.724836744,0.471234262,54208.7057,115.22195,24741.4214,936.118915
0.735707017,0.410829146,55598.287,115.228776,25338.2139,950.490912
0.743695353,0.65350104,56661.1442,115.231548,25786.5541,961.343996
0.749285016,0.598322022,57453.6073,115.23598,26105.4611,969.08666
0.753450914,0.452209329,58094.0045,115.237723,26346.1199,974.938561
0.755497438,0.287381969,58439.1212,115.238619,26465.3585,977.839396
0.755640594,0.228092567,58464.3482,115.238656,26473.7262,978.042961
0.756172919,0.0518317959,58559.8147,115.23872,26504.8736,978.800671
0.757045237,-0.104680933,58723.324,115.238706,26556.027,980.044903
0.758237,-0.405034205,58964.4525,115.238404,26626.1526,981.75002
0.759339877,-0.710529595,59215.1451,115.237792,26691.3183,983.333448
0.760195664,-0.976845154,59439.3006,115.237072,26742.0874,984.565814
0.760828777,-1.1625492,59631.6847,115.236392,26779.7786,985.479626
0.761269833,-1.2293298,59782.918,115.235861,26806.1123,986.117296
0.761593802,-0.800934274,59894.1477,115.235509,26825.4984,986.586247
0.761807433,0.772482533,59935.4703,115.23547,26838.2992,986.895744
0.761954717,6.91931551,59876.4672,115.235929,26847.124,987.109242
0.762045719,24.2109064,59681.4141,115.237182,26852.5658,987.241205
0.762105888,81.6932839,59432.9897,115.239978,26856.1497,987.328478
0.762141371,224.792542,59570.1567,115.244905,26858.2592,987.379952
0.762166118,545.792658,62035.3701,115.253776,26859.7549,987.415855
0.762183304,785.360152,66280.2277,115.265487,26860.8546,987.440791
0.762197452,721.822214,68541.3763,115.276579,26861.8132,987.46132
0.7622116,488.316517,67737.1755,115.28511,26862.7796,987.481849
0.762226652,303.581671,65972.0168,115.290943,26863.7856,987.503691
0.762243513,189.330745,64430.1016,115.294997,26864.8841,987.528159
0.762266638,111.142899,63061.3683,115.29836,26866.3569,987.561721
0.762292896,69.5525663,62135.2003,115.30067,26867.9995,987.599831
0.762333312,39.7294332,61307.8392,115.302796,26870.4924,987.658497
0.762380809,24.4187566,60764.1664,115.304277,26873.3904,987.727451
0.762442468,14.9998377,60349.1337,115.305456,26877.1231,987.816981
0.76252931,8.89978829,60011.1423,115.306461,26882.348,987.943106
0.762628745,5.69191451,59788.7281,115.307167,26888.3031,988.087562
0.76278812,3.29397473,59607.5812,115.307859,26897.8153,988.319195
0.762949252,2.8882704,59642.7743,115.308328,26907.4192,988.553501
0.763045502,4.28147263,60006.3105,115.308657,26913.1731,988.693518
0.76310402,13.2838388,61063.8422,115.309097,26916.7089,988.778666
0.763133682,37.9493977,63519.9662,115.309777,26918.5488,988.821834
0.763148682,136.679271,68101.1691,115.310891,26919.5296,988.843664
0.763156982,415.070093,77725.3386,115.312931,26920.1269,988.855744
0.763161516,1581.48097,92789.3851,115.316765,26920.5084,988.862343
0.763163904,4794.05832,111963.283,115.323536,26920.7498,988.865819
0.763165333,14710.2935,77201.7813,115.33587,26920.8971,988.867899
0.763166272,22648.0533,-40914.5484,115.353878,26920.9238,988.869265
0.763167007,19449.6704,-114892.51,115.370223,26920.8583,988.870336
0.763167694,11610.1299,-97860.9462,115.380683,26920.7826,988.871335
0.763168482,6418.42057,-57136.6116,115.387548,26920.7223,988.872482
0.763169421,3525.39779,-23638.5806,115.39204,26920.6856,988.873849
0.763170663,1894.79873,2161.51963,115.395265,26920.6739,988.875657
0.76317242,970.573441,21259.3592,115.397661,26920.6964,988.878214
0.763174435,549.21113,32535.0788,115.399136,26920.7517,988.881147
0.763177712,269.138134,41944.345,115.400404,26920.8756,988.885917
0.763181713,143.684708,47470.5275,115.401195,26921.0556,988.891741
0.76318716,74.1767251,51295.268,115.40176,26921.3258,988.899669
0.763195021,36.2600886,53994.0777,115.402172,26921.7409,988.911112
0.76320409,19.2746318,55538.164,115.402413,26922.2383,988.924314
0.763219192,8.22455392,56815.875,115.402607,26923.0879,988.946298
0.763237631,3.59735258,57535.2993,115.402709,26924.1429,988.973142
0.763262745,1.18762311,58015.6285,115.402765,26925.5946,989.009704
0.763298964,-0.00714854922,58340.0681,115.402782,26927.7025,989.062441
0.763340736,-0.512235589,58518.405,115.40277,26930.1436,989.123271
0.76341042,-0.85393821,58662.5585,115.402721,26934.2271,989.224765
0.763495726,-1.03813577,58744.678,115.40264,26939.2352,989.349043
0.763612277,-1.22627463,58805.3068,115.402507,26946.0858,989.518894
0.763781717,-1.42090765,58858.1269,115.402282,26956.0546,989.765937
0.763977602,-1.61873743,58902.1932,115.401984,26967.5885,990.051705
0.764310095,-1.88593521,58964.633,115.401397,26987.1836,990.537178
0.764722534,-2.11339338,59034.4862,115.400572,27011.5175,991.140109
0.765294864,-2.34960142,59126.4985,115.399288,27045.3312,991.978125
0.766157201,-2.47927901,59259.6786,115.39719,27096.376,993.243754
0.767164543,-2.4220214,59410.3466,115.394708,27156.1469,994.726795
0.769005686,-1.82589294,59677.8415,115.39069,27265.7774,997.450523
0.771425432,-0.351322697,60021.269,115.387963,27410.5992,1001.05702
0.775002384,2.0246,60522.9227,115.391041,27626.1908,1006.44701
0.781008836,3.07811104,61363.3832,115.409065,27992.2415,1015.66639
0.78823004,2.00705527,62372.0972,115.426337,28439.0052,1027.04043
0.796282941,2.54724988,63533.4179,115.443701,28945.9035,1040.11138
0.804335842,3.26426733,64775.7464,115.467837,29462.4793,1053.61384
0.813210343,3.74066219,66230.8892,115.498489,30043.7277,1069.03083
0.820395331,4.11126143,67516.2545,115.526997,30524.125,1081.91816
0.825638841,4.25653528,68564.0486,115.548885,30880.8454,1091.56298
0.8293864,4.53428548,69406.8415,115.565274,31139.3387,1098.58945
0.832172723,4.64788331,70121.7492,115.578156,31333.7022,1103.88834
0.834080153,5.09281904,70686.5551,115.587287,31467.9797,1107.55342
0.835481493,5.04953696,71156.3809,115.594565,31567.3593,1110.26609
0.836421691,6.91687619,71525.1858,115.599816,31634.4279,1112.0959
0.83709139,7.32395866,71774.956,115.604878,31682.4163,1113.40418
0.837511022,17.7926951,71928.8359,115.609318,31712.5661,1114.22606
0.83776727,33.0521281,71784.2148,115.615763,31730.9899,1114.72875
0.837839153,52.7954697,71701.7384,115.618669,31736.1467,1114.86988
0.83785129,57.8232681,71683.2693,115.619342,31737.0168,1114.89371
0.83790513,85.2431915,71540.5378,115.623114,31740.8726,1114.99945
0.837970697,160.976519,71313.1833,115.630841,31745.5561,1115.12826
0.838031233,382.583963,71497.8834,115.646057,31749.8745,1115.24722
0.838070668,811.64092,73806.084,115.668258,31752.7269,1115.32473
0.838100201,1302.99068,79631.8892,115.699402,31754.9796,1115.38279
0.83812429,1388.35195,84827.883,115.733138,31756.9673,1115.43015
0.838146826,1049.97903,85417.6748,115.761028,31758.8956,1115.47447
0.838169361,677.548355,83003.3043,115.780206,31760.7947,1115.51879
0.83819662,404.458235,80067.1526,115.794568,31763.0154,1115.5724
0.838228087,242.680921,77672.2511,115.804459,31765.4944,1115.6343
0.838267967,144.292559,75774.052,115.811933,31768.551,1115.71276
0.838323855,82.4246618,74212.3815,115.818035,31772.7381,1115.82275
0.838387746,51.7194217,73179.2151,115.822199,31777.4439,1115.94852
0.83848901,30.8823336,72224.86,115.826217,31784.8013,1116.14793
0.838613077,21.4554848,71559.6651,115.829377,31793.7174,1116.39239
0.83878275,19.0381279,71004.9082,115.832679,31805.8084,1116.72694
0.838982694,23.9170271,70584.4716,115.836901,31819.9607,1117.12154
0.839177309,77.171539,70240.3792,115.845233,31833.6645,1117.50599
0.839278723,231.414808,69941.3859,115.859151,31840.7746,1117.70647
0.839336413,786.35012,68670.665,115.884576,31844.7827,1117.82056
0.839372357,1498.40128,66257.251,115.924969,31847.2135,1117.89166
0.83940154,1492.30347,65474.6415,115.971891,31849.1261,1117.94939
0.839425119,970.471251,66716.5966,116.000814,31850.6835,1117.99605
0.839450986,563.121299,68027.5418,116.020071,31852.4278,1118.04724
0.839481433,328.053491,68872.7295,116.033199,31854.5133,1118.1075
0.83952519,178.927946,69461.578,116.043821,31857.5415,1118.19412
0.839575602,108.511884,69761.4332,116.050838,31861.0517,1118.29393
0.839658194,60.3842295,69982.5786,116.057499,31866.8238,1118.45752
0.839759097,38.2419462,70099.4232,116.062327,31873.8918,1118.65746
0.839896623,25.494958,70184.8569,116.066585,31883.5387,1118.93013
0.840098215,18.001354,70263.051,116.070861,31897.6958,1119.33017
0.840331841,14.3940462,70332.5237,116.074593,31914.1193,1119.79427
0.840734155,11.7834229,70435.7889,116.079773,31942.4363,1120.59474
0.841236275,10.6009125,70552.3017,116.085353,31977.8332,1121.59607
0.841938006,9.96225553,70703.9374,116.092527,32027.3957,1122.99972
0.843004471,9.73410652,70918.5406,116.102992,32102.9148,1125.14257
0.844253303,9.73868452,71154.0034,116.115146,32191.6286,1127.66665
0.846556742,9.90866568,71562.1068,116.137731,32356.0027,1132.36401
0.849582935,10.2287322,72072.9767,116.168226,32573.3402,1138.61728
0.854054635,10.8253856,72827.4811,116.215153,32897.3081,1148.02921
0.85908994,11.7339187,73740.9106,116.271938,33266.2727,1158.89901
0.864407048,12.5140666,74839.9316,116.336574,33661.2124,1170.73008
0.870394971,12.6803772,76261.8126,116.412498,34113.5108,1184.50303
0.8758783,12.6901954,77762.7527,116.481772,34535.6919,1197.54954
0.880214123,13.1980454,79151.3292,116.537712,34875.7861,1208.17782
0.88359631,13.6968826,80426.8005,116.583248,35145.5889,1216.66981
0.886197185,14.2904245,81566.6497,116.61952,35356.217,1223.32637
0.888130505,15.2499862,82527.6587,116.647977,35514.8227,1228.35097
0.889448938,17.4518834,83260.5222,116.66924,35624.1042,1231.81714
0.890428853,22.3640736,83861.2372,116.688376,35705.9825,1234.415
0.891103221,34.9348112,84317.2595,116.70684,35762.6868,1236.21384
0.891583251,74.223278,84684.0433,116.731046,35803.2477,1237.49988
0.891883243,186.639657,85071.2486,116.76656,35828.7032,1238.30598
0.892087247,528.641241,86056.4072,116.832162,35846.1373,1238.85521
0.892223295,1220.03347,88796.7698,116.943881,35857.9937,1239.22197
0.892323327,1732.98001,91644.7404,117.095413,35867.0252,1239.49188
0.892416989,1618.61665,91733.6629,117.258293,35875.6476,1239.7448
0.892510652,1174.03503,89292.9186,117.38831,35884.1302,1239.99791
0.892604314,864.843629,86859.5593,117.482446,35892.3746,1240.25119
0.892721187,665.667745,84635.9712,117.570346,35902.3883,1240.56751
0.892849665,592.074059,82951.8897,117.649888,35913.1472,1240.91557
0.893025794,650.171598,81382.6127,117.756975,35927.6102,1241.39329
0.893225749,1059.1903,81077.2606,117.919418,35943.8149,1241.93644
0.893395017,1388.78033,83906.6216,118.133129,35957.7181,1242.39692
0.893526064,1115.27988,86795.1906,118.304836,35968.9238,1242.75384
0.89364567,662.595127,87816.8306,118.408848,35979.381,1243.07992
0.893773334,383.694833,87948.4227,118.473921,35990.6039,1243.42832
0.893905026,250.370861,87950.2254,118.514107,36002.1854,1243.78809
0.894080157,166.973874,87959.9814,118.550679,36017.5902,1244.26712
0.894277007,106.796973,87972.7592,118.57649,36034.9048,1244.80637
0.894621841,74.5021377,88082.3147,118.607029,36065.2595,1245.75308
0.895042079,58.0970721,88221.837,118.634352,36102.3043,1246.91042
0.895613125,48.8584535,88395.567,118.664642,36152.7342,1248.48953
0.896470562,43.490216,88603.4539,118.703578,36228.621,1250.87479
0.897471194,42.4866787,88783.8808,118.746609,36317.3756,1253.68043
0.899181549,41.8783294,88985.4321,118.818395,36469.4162,1258.53262
0.901357508,42.9839744,89114.921,118.910627,36663.2054,1264.8104
0.904464678,48.9409583,89172.3998,119.05137,36940.2159,1273.97905
0.908220905,65.417241,89180.5851,119.263366,37275.1834,1285.39505
0.912301661,85.8308867,89189.0961,119.573543,37639.1248,1298.29947
0.915681828,97.2097241,89153.8076,119.884933,37940.5632,1309.45606
0.918342993,106.217752,88980.8032,120.154326,38177.6355,1318.53158
0.920485034,118.568634,88721.0104,120.394088,38367.9688,1326.00966
0.921931505,128.085773,88622.5077,120.572644,38496.2063,1331.12883
0.922023718,128.661373,88623.7225,120.584482,38504.3785,1331.45669
0.922426639,131.002661,88644.3617,120.636809,38540.0904,1332.8911
0.923180712,134.282142,88753.0385,120.736916,38606.9692,1335.58282
0.924344823,133.60165,89181.2353,120.893752,38710.5017,1339.75282
0.925648474,117.653067,90216.8331,121.059681,38827.3611,1344.43543
0.927021897,89.3404444,92056.3775,121.20207,38952.4442,1349.35947
0.928206971,55.3863603,94238.9602,121.289525,39062.7776,1353.57277
0.929040328,0.96534902,96178.6399,121.316407,39142.0907,1356.50217
0.929642289,-114.931533,98038.5317,121.288014,39200.5158,1358.59556
0.93001566,-341.174626,99727.2883,121.210198,39237.4143,1359.88287
0.930255506,-828.135521,101484.925,121.080602,39261.5262,1360.70489
0.930382897,-1851.24642,102824.505,120.923169,39274.5363,1361.13985
0.930422674,-2676.45086,103150.637,120.835183,39278.6338,1361.27543
0.93043485,-3077.61295,103159.416,120.80026,39279.8899,1361.3169
0.930459202,-4304.59445,102657.875,120.711666,39282.3976,1361.39982
0.930482064,-6612.43068,99726.1806,120.590141,39284.7189,1361.47763
0.930497873,-8408.23333,88920.8868,120.47037,39286.2295,1361.53141
0.93050619,-1742.18019,64205.755,120.417901,39286.8872,1361.55969
0.930511605,32664.5655,35623.6346,120.478847,39287.1599,1361.57811
0.930515263,68778.1559,44244.5372,120.666919,39287.2879,1361.59054
0.930518471,75994.8887,81374.0534,120.910229,39287.4875,1361.60145
0.930521453,61400.3287,108673.628,121.116112,39287.7761,1361.61159
0.930525054,44375.5708,122010.363,121.304783,39288.1956,1361.62383
0.930529247,31421.1514,126274.75,121.461305,39288.7184,1361.63808
0.930534623,21980.9366,126405.711,121.602331,39289.3987,1361.65635
0.930542026,15079.6097,124629.207,121.736761,39290.3282,1361.68151
0.930550443,10962.0355,122534.866,121.844682,39291.3681,1361.71011
0.930563327,7612.10608,120067.88,121.961909,39292.9299,1361.75387
0.930578666,5564.97085,118031.956,122.061448,39294.7551,1361.80596
0.930598918,4095.82543,116217.42,122.157772,39297.1259,1361.87471
0.930626978,3006.79243,114568.156,122.255875,39300.3621,1361.9699
0.930658941,2326.09818,113330.765,122.340125,39304.003,1362.07827
0.930709537,1728.76727,112045.837,122.441105,39309.7021,1362.24964
0.930769931,1347.77704,111069.556,122.532945,39316.4375,1362.45395
0.930849925,1064.5476,110230.681,122.628344,39325.2863,1362.72411
0.930960537,848.086595,109506.012,122.732971,39337.4358,1363.09684
0.931086458,708.885666,109009.0,122.830243,39351.191,1363.51994
0.931284155,583.070307,108590.103,122.956759,39372.6949,1364.18154
0.931520768,495.749647,108410.24,123.083604,39398.3626,1364.96885
0.931835213,417.212626,108456.912,123.226565,39432.4527,1366.0071
0.932254621,331.305339,108628.86,123.383241,39477.98,1367.37661
0.932726511,254.732544,108398.478,123.520303,39529.2153,1368.89484
0.933283391,205.882381,107316.225,123.64639,39589.314,1370.65284
0.93389409,189.649419,105425.771,123.765971,39654.3041,1372.53485
0.934612428,194.144289,102411.664,123.902646,39729.0068,1374.68097
0.935618411,232.56089,96439.8586,124.114187,39829.2151,1377.54987
0.936768215,338.224907,86404.0437,124.434532,39934.7024,1380.60946
0.938754646,592.444109,60688.8616,125.358443,40082.4667,1385.27578
0.940890091,447.655636,25537.7037,126.618291,40175.2753,1389.37948
0.94332356,-191.512536,-13892.6127,126.928368,40188.2259,1392.86767
0.94575703,-301.917131,-47257.5313,126.115121,40112.5808,1395.18193
0.9481905,76.5047244,-71596.4857,125.855471,39965.5478,1396.59705
0.95062397,161.186517,-83241.7955,126.249196,39774.4215,1397.43192
0.953338994,7.20026323,-87767.1285,126.460112,39541.8405,1398.15356
0.956194794,-4.39188808,-92389.3195,126.412098,39285.0101,1399.11968
0.956272264,-1.90585908,-92529.8513,126.411856,39277.8471,1399.15081
0.956547537,5.80719638,-92988.3675,126.412418,39252.3126,1399.26386
0.957341846,25.5378572,-94183.7178,126.424996,39177.9635,1399.61271
0.958537966,44.5222577,-95574.4579,126.468741,39064.4243,1400.20699
0.960025839,46.3870651,-96787.9519,126.538912,38921.2719,1401.07195
0.961743364,34.6270018,-98109.7402,126.609081,38753.941,1402.25935
0.963920194,28.9294176,-100562.893,126.673956,38537.9208,1404.07975
0.966097024,37.8569454,-103823.582,126.745642,38315.5384,1406.25803
0.968273854,47.4830617,-107376.334,126.839279,38085.6963,1408.79423
0.970450684,59.1480894,-111795.686,126.953847,37847.4296,1411.69936
0.972500658,77.2931853,-117503.977,127.092574,37612.6775,1414.78616
0.974296918,96.6624702,-123661.582,127.248632,37396.2128,1417.78303
0.976093178,115.515988,-130575.158,127.439527,37167.9681,1421.0687
0.977579951,130.354988,-136511.17,127.622267,36969.409,1424.02394
0.978967922,140.023971,-141934.538,127.810906,36776.1537,1426.98893
0.980088633,143.402258,-145718.128,127.969901,36614.8664,1429.53638
0.980428137,141.253352,-146592.386,128.018385,36565.24,1430.33618
0.980465248,140.929115,-146674.149,128.02362,36559.7982,1430.42443
0.980656283,140.461362,-147040.687,128.050497,36531.7418,1430.88128
0.981011846,140.035399,-147412.911,128.100341,36479.3801,1431.74361
0.981449672,140.91236,-147089.49,128.161776,36414.8728,1432.82796
0.982086179,149.596791,-144336.937,128.25359,36321.9611,1434.45167
0.982687171,171.630486,-138498.304,128.349304,36236.7922,1436.04
0.983151074,214.127598,-134684.154,128.437295,36173.5868,1437.30526
0.983468169,265.532817,-141276.773,128.512857,36130.2454,1438.19088
0.983686699,469.325352,-186394.231,128.58725,36095.7248,1438.81146
0.983813744,811.759825,-291949.655,128.66588,36066.5855,1439.17619
0.983891297,2914.94763,-615004.5,128.78693,36034.2953,1439.40029
0.983927384,7718.02241,-1155031.0,128.960866,36004.0779,1439.50495
0.983949528,29872.4193,-2423266.8,129.312925,35967.2691,1439.56929
0.983961425,70713.5231,-2941223.86,129.87237,35934.2248,1439.60389
0.983969654,87941.4344,-1482599.72,130.558931,35914.0725,1439.62784
0.983976246,69821.5447,375581.217,131.092302,35910.9164,1439.64704
0.983982837,44670.036,1274969.27,131.463924,35916.9171,1439.66624
0.983990589,26570.239,1499995.43,131.733111,35927.9727,1439.68883
0.983998341,16830.5372,1437616.67,131.897466,35939.4301,1439.71144
0.984010518,9232.59851,1245738.32,132.050061,35955.7828,1439.74697
0.984022696,5757.21256,1068885.25,132.139061,35969.8311,1439.78253
0.98404383,2946.03428,846858.402,132.226521,35989.9115,1439.84431
0.984064965,1788.52696,699717.051,132.275236,36006.1543,1439.90618
0.984100217,906.496672,542071.537,132.32024,36027.8053,1440.00956
0.98413547,557.178324,444773.969,132.345408,36045.0823,1440.11318
0.984196,289.926232,340720.369,132.369552,36068.5657,1440.29165
0.98425653,195.541565,278742.112,132.383995,36087.1789,1440.47082
0.98436252,130.55053,213539.833,132.400272,36112.9155,1440.78627
0.98446851,120.505673,177698.126,132.41361,36133.4823,1441.10392
0.984670337,147.771098,145967.434,132.439,36165.5209,1441.71496
0.984872164,249.556284,144058.807,132.478272,36194.4091,1442.33426
0.985179932,674.571754,194373.295,132.608555,36244.6405,1443.29494
0.985487699,2350.7881,357076.265,133.021854,36325.5823,1444.27591
0.985737223,9522.74116,824385.218,134.295823,36461.6105,1445.08663
0.985882972,43448.6082,1770529.69,137.504501,36638.2416,1445.56691
0.985953236,162196.77,3152289.64,143.681559,36803.2484,1445.80031
0.985994123,463702.494,2371330.64,155.248092,36929.66,1445.9367
0.986020114,632816.11,-1275658.58,170.092205,36952.0952,1446.02362
0.986042959,522406.884,-4230157.84,183.81505,36881.9162,1446.10016
0.986065804,321639.603,-4419308.88,193.273063,36779.8762,1446.17683
0.986091131,192902.774,-3658855.52,199.617861,36677.4686,1446.262
0.986121419,115397.912,-2852683.52,204.14547,36579.5365,1446.36407
0.986158582,70775.8966,-2188459.82,207.505142,36486.8515,1446.48963
0.986209492,42688.5161,-1649620.51,210.3001,36390.4512,1446.66225
0.986273783,27048.1069,-1273673.14,212.478103,36297.6733,1446.88123
0.986364836,17297.0379,-991944.981,214.436603,36195.94,1447.19331
0.986477013,12166.6114,-815550.196,216.05213,36095.6082,1447.58101
0.986631438,9132.54138,-692498.557,217.663208,35980.265,1448.12069
0.986820892,7687.28525,-618310.766,219.234999,35856.8689,1448.79258
0.987080404,7129.07729,-568222.928,221.136371,35703.6879,1449.73131
0.987470155,7400.03349,-533100.161,223.94336,35489.9153,1451.18355
0.987925026,8300.91997,-512283.051,227.503197,35252.5319,1452.9478
0.988527945,10108.1206,-492796.596,233.010696,34949.6992,1455.40939
0.989204887,13204.9779,-472625.399,240.834084,34622.9251,1458.34845
0.990053801,18165.0495,-440755.767,254.103042,34234.314,1462.31222
0.990144797,18742.8496,-436644.285,255.782098,34194.3944,1462.75746
